Card Label,Product Name,Description,Information Source,Maximum Time For excursion,Temperature Range For excursion,Return to the fridge,Use product within max time for excursion,Additional actions following excursion,Additional actions detail
Adalimumab,Adalimumab,Humira 40mg/0.4ml solution for injection pre-filled pens (AbbVie Ltd),Information as per product licence,14 Days,8°C to 25 °C,Yes,Yes,Yes,Protect from light.
Adalimumab,Adalimumab,Humira 40mg/0.4ml solution for injection pre-filled syringes (AbbVie Ltd),Information as per product licence,14 Days,8°C to 25 °C,Yes,Yes,Yes,Protect from light.
Adalimumab,Adalimumab,Humira 20mg/0.2ml solution for injection pre-filled syringes (AbbVie Ltd),Information as per product licence,14 Days,8°C to 25 °C,Yes,Yes,Yes,Protect from light.
Adalimumab,Adalimumab,Amgevita 40mg/0.8ml solution for injection pre-filled syringes (Amgen Ltd),Information as per product licence,14 Days,8°C to 25 °C,Yes,Yes,Yes,Protect from light.
Adalimumab,Adalimumab,Amgevita 40mg/0.8ml solution for injection pre-filled pens (Amgen Ltd),Information as per product licence,14 Days,8°C to 25 °C,Yes,Yes,Yes,Protect from light.
Adalimumab,Adalimumab,Hyrimoz 40mg/0.8ml solution for injection pre-filled pens (Sandoz Ltd),Information as per product licence,21 Days,8°C to 25 °C,Yes,Yes,Yes,Protect from light.
Adalimumab,Adalimumab,Hyrimoz 40mg/0.8ml solution for injection pre-filled syringes (Sandoz Ltd),Information as per product licence,21 Days,8°C to 25 °C,Yes,Yes,Yes,Protect from light.
Adalimumab,Adalimumab,Humira 80mg/0.8ml solution for injection pre-filled pens (AbbVie Ltd),Information as per product licence,14 Days,8°C to 25 °C,Yes,Yes,Yes,Protect from light.
Adalimumab,Adalimumab,Amgevita 20mg/0.4ml solution for injection pre-filled syringes (Amgen Ltd),Information as per product licence,14 Days,8°C to 25 °C,Yes,Yes,Yes,Protect from light.
Adalimumab,Adalimumab,Imraldi 40mg/0.8ml solution for injection pre-filled pens (Biogen Idec Ltd),Information as per product licence,28 Days,8°C to 25 °C,Yes,Yes,Yes,Protect from light.
Adalimumab,Adalimumab,Imraldi 40mg/0.8ml solution for injection pre-filled syringes (Biogen Idec Ltd),Information as per product licence,28 Days,8°C to 25 °C,Yes,Yes,Yes,Protect from light.
Aflibercept,Aflibercept,Eylea 4mg/100microlitres solution for injection vials (Bayer Plc),Information as per product licence,24 hours,8°C to 25 °C,No,Yes,,
Aflibercept,Aflibercept,Eylea 3.6mg/90microlitres solution for injection pre-filled syringes (Bayer Plc),Information as per product licence,24 hours,8°C to 25 °C,No,Yes,,
Alirocumab,Alirocumab,Praluent 75mg/1ml solution for injection pre-filled pens (Sanofi),Information as per product licence,30 Days,8°C to 25 °C,Yes,Yes,,
Alirocumab,Alirocumab,Praluent 150mg/1ml solution for injection pre-filled pens (Sanofi),Information as per product licence,30 Days,8°C to 25 °C,Yes,Yes,,
Alirocumab,Alirocumab,Praluent 300mg/2ml solution for injection pre-filled pens (Sanofi),Information as per product licence,30 Days,8°C to 25 °C,Yes,Yes,,
Alprostadil,Alprostadil,Muse 500microgram urethral sticks (Viatris UK Healthcare Ltd),Information as per product licence,14 Days,8°C to 30 °C,Yes,Yes,,
Alprostadil,Alprostadil,Muse 1000microgram urethral sticks (Viatris UK Healthcare Ltd),Information as per product licence,14 Days,8°C to 30 °C,Yes,Yes,,
Alprostadil,Alprostadil,Caverject 40microgram powder and solvent for solution for injection vials (Pfizer Ltd),Information outside product licence,4 Days,8°C to 25 °C,Yes,,,
Alprostadil,Alprostadil,Vitaros 3mg/g cream (The Simple Pharma Company UK Ltd),Information as per product licence,72 hours,8°C to 25 °C,No,Yes,,
Amikacin liposomal,Amikacin liposomal,Arikayce liposomal 590mg nebuliser dispersion vials with Lamira Nebuliser Handset (Insmed Ltd),Information as per product licence,28 Days,8°C to 25 °C,Yes,Yes,,
Anakinra,Anakinra,Kineret 100mg/0.67ml solution for injection pre-filled syringes (Swedish Orphan Biovitrum Ltd),Information as per product licence,72 hours,8°C to 25 °C,No,Yes,,
Angiotensin II,Angiotensin II,Giapreza 2.5mg/1ml concentrate for solution for infusion vials (PAION Netherlands B.V.),Information outside product licence,48 hours,8°C to 25 °C,Yes,,,
Anidulafungin,Anidulafungin,Ecalta 100mg powder for concentrate for solution for infusion vials (Pfizer Ltd),Information as per product licence,4 Days,8°C to 25 °C,Yes,,,
Anti-D immunoglobulin,Anti-D immunoglobulin,D-Gam Anti-D immunoglobulin 500unit solution for injection vials (Bio Products Laboratory Ltd),Information as per product licence,7 Days,8°C to 25 °C,Yes,,,
Antithymocyte immunoglobulin (rabbit),Antithymocyte immunoglobulin (rabbit),Thymoglobuline 25mg powder and solvent for solution for infusion vials (Sanofi),Information as per product licence,72 hours,8°C to 25 °C,Yes,,,
Argipressin,Argipressin,Argipressin 20units/1ml solution for injection ampoules (AOP Orphan Ltd),Information outside product licence,84 Days,8°C to 25 °C,Yes,,,
Asfotase alfa,Asfotase alfa,Strensiq 40mg/1ml solution for injection vials (Alexion Pharma UK Ltd),Information as per product licence,3 hours,8°C to 27 °C,Yes,,,
Asfotase alfa,Asfotase alfa,Strensiq 80mg/0.8ml solution for injection vials (Alexion Pharma UK Ltd),Information as per product licence,3 hours,8°C to 27 °C,Yes,,,
Asparaginase,Asparaginase,"Spectrila 10,000unit powder for concentrate for solution for infusion vials (medac UK)",Information outside product licence,72 hours,8°C to 30 °C,Yes,,,
Atracurium,Atracurium,Atracurium besilate 50mg/5ml solution for injection ampoules (Pfizer Ltd),Information outside product licence,28 Days,8°C to 25 °C,Yes,Yes,,
Atracurium,Atracurium,Atracurium besilate 25mg/2.5ml solution for injection ampoules (Pfizer Ltd),Information outside product licence,28 Days,8°C to 25 °C,Yes,Yes,,
Atracurium,Atracurium,Atracurium besilate 250mg/25ml solution for injection vials (Pfizer Ltd),Information outside product licence,28 Days,8°C to 25 °C,Yes,Yes,,
Atracurium,Atracurium,Atracurium besilate 25mg/2.5ml solution for injection ampoules (Hikma Pharmaceuticals International Ltd),Information outside product licence,28 Days,8°C to 25 °C,Yes,Yes,,
Atracurium,Atracurium,Atracurium besilate 50mg/5ml solution for injection ampoules (Hikma Pharmaceuticals International Ltd),Information outside product licence,28 Days,8°C to 25 °C,Yes,Yes,,
Atracurium,Atracurium,Atracurium besilate 25mg/2.5ml solution for injection ampoules (AS Kalceks),Information outside product licence,48 hours,8°C to 25 °C,Yes,,,
Atracurium,Atracurium,Atracurium besilate 50mg/5ml solution for injection ampoules (AS Kalceks),Information outside product licence,48 hours,8°C to 25 °C,Yes,,,
Aztreonam,Aztreonam,Cayston 75mg powder and solvent for nebuliser solution vials with Altera Nebuliser Handset (Gilead Sciences Ltd),Information as per product licence,28 Days,8°C to 25 °C,Yes,,,
Beclometasone + Formoterol,Beclometasone + Formoterol,Fostair 100micrograms/dose / 6micrograms/dose inhaler (Chiesi Ltd),Information as per product licence,84 Days,8°C to 25 °C,Yes,Yes,,
Beclometasone + Formoterol,Beclometasone + Formoterol,Fostair 200micrograms/dose / 6micrograms/dose inhaler (Chiesi Ltd),Information as per product licence,84 Days,8°C to 25 °C,Yes,Yes,,
Beclometasone + Formoterol,Beclometasone + Formoterol,Luforbec 100micrograms/dose / 6micrograms/dose inhaler (Lupin Healthcare (UK) Ltd),Information as per product licence,84 Days,8°C to 25 °C,No,Yes,,
Beclometasone + Formoterol,Beclometasone + Formoterol,Luforbec 200micrograms/dose / 6micrograms/dose inhaler (Lupin Healthcare (UK) Ltd),Information as per product licence,84 Days,8°C to 25 °C,No,Yes,,
Beclometasone + Formoterol + Glycopyrronium bromide,Beclometasone + Formoterol + Glycopyrronium bromide,Trimbow 87micrograms/dose / 5micrograms/dose / 9micrograms/dose inhaler (Chiesi Ltd),Information as per product licence,56 Days,8°C to 25 °C,Yes,Yes,Yes,This information applies only to the 60 actuation pressurised container.
Beclometasone + Formoterol + Glycopyrronium bromide,Beclometasone + Formoterol + Glycopyrronium bromide,Trimbow 172micrograms/dose / 5micrograms/dose / 9micrograms/dose inhaler (Chiesi Ltd),Information as per product licence,56 Days,8°C to 25 °C,Yes,Yes,Yes,This information applies only to the 60 actuation pressurised container.
Belantamab mafodotin,Belantamab mafodotin,Blenrep 100mg powder for concentrate for solution for infusion vials (GlaxoSmithKline UK Ltd),Information outside product licence,5 Days,8°C to 30 °C,Yes,,Yes,"If the excursion temperature exceeds 30°C but remains below 40°C, the maximum time for excursion is reduced to 24 hours."
Belimumab,Belimumab,Benlysta 400mg powder for concentrate for solution for infusion vials (GlaxoSmithKline UK Ltd),Information outside product licence,21 Days,8°C to 25 °C,Yes,,Yes,"Protect from light. 

If product exposed to light, maximum time for excursion is reduced to 72 hours."
Belimumab,Belimumab,Benlysta 120mg powder for concentrate for solution for infusion vials (GlaxoSmithKline UK Ltd),Information outside product licence,21 Days,8°C to 25 °C,Yes,,Yes,"Protect from light. 

If product exposed to light, maximum time for excursion is reduced to 72 hours."
Belimumab,Belimumab,Benlysta 200mg/1ml solution for injection pre-filled pens (GlaxoSmithKline UK Ltd),Information as per product licence,12 hours,8°C to 25 °C,No,Yes,,
Benralizumab,Benralizumab,Fasenra 30mg/1ml solution for injection pre-filled syringes (AstraZeneca UK Ltd),Information as per product licence,14 Days,8°C to 25 °C,No,Yes,,
Benralizumab,Benralizumab,Fasenra 30mg/1ml solution for injection pre-filled pens (AstraZeneca UK Ltd),Information as per product licence,14 Days,8°C to 25 °C,No,Yes,,
Benzoyl peroxide + Clindamycin,Benzoyl peroxide + Clindamycin,Duac Once Daily gel (3% and 1%) (Stiefel Laboratories (UK) Ltd),Information outside product licence,48 hours,8°C to 25 °C,Yes,,Yes,"If the excursion temperature exceeds 25°C but remains below 40°C, the maximum time for excursion is reduced to 4 hours."
Benzoyl peroxide + Clindamycin,Benzoyl peroxide + Clindamycin,Duac Once Daily gel (5% and 1%) (Stiefel Laboratories (UK) Ltd),Information outside product licence,48 hours,8°C to 25 °C,Yes,,Yes,"If the excursion temperature exceeds 25°C but remains below 40°C, the maximum time for excursion is reduced to 4 hours."
Beractant,Beractant,Survanta 200mg/8ml endotracheopulmonary suspension bottles (AbbVie Ltd),Information outside product licence,8 hours,8°C to 25 °C,No,Yes,,
Bimekizumab,Bimekizumab,Bimzelx 160mg/1ml solution for injection pre-filled syringes (UCB Pharma Ltd),Information as per product licence,25 Days,8°C to 25 °C,No,Yes,,
Bimekizumab,Bimekizumab,Bimzelx 160mg/1ml solution for injection pre-filled pens (UCB Pharma Ltd),Information as per product licence,25 Days,8°C to 25 °C,No,Yes,,
Brodalumab,Brodalumab,Kyntheum 210mg/1.5ml solution for injection pre-filled syringes (LEO Pharma),Information as per product licence,14 Days,8°C to 25 °C,No,Yes,,
Brolucizumab,Brolucizumab,Beovu 19.8mg/0.165ml solution for injection pre-filled syringes (Novartis Pharmaceuticals UK Ltd),Information as per product licence,24 hours,8°C to 25 °C,No,Yes,,
Bulevirtide,Bulevirtide,Hepcludex 2mg powder for solution for injection vials (Gilead Sciences Ltd),Information outside product licence,168 Days,8°C to 25 °C,Yes,Yes,,
Burosumab,Burosumab,Crysvita 10mg/1ml solution for injection vials (Kyowa Kirin Ltd),Information outside product licence,24 hours,8°C to 25 °C,Yes,,,
Burosumab,Burosumab,Crysvita 20mg/1ml solution for injection vials (Kyowa Kirin Ltd),Information outside product licence,24 hours,8°C to 25 °C,Yes,,,
Burosumab,Burosumab,Crysvita 30mg/1ml solution for injection vials (Kyowa Kirin Ltd),Information outside product licence,24 hours,8°C to 25 °C,Yes,,,
Caplacizumab,Caplacizumab,Cablivi 10mg powder and solvent for solution for injection vials (Sanofi Genzyme),Information as per product licence,56 Days,8°C to 25 °C,No,Yes,,
Carboprost,Carboprost,Hemabate 250micrograms/1ml solution for injection ampoules (Pfizer Ltd),Information outside product licence,15 Days,8°C to 25 °C,Yes,,Yes,"If the excursion temperature exceeds 25°C but remains below 40°C, the maximum time for excursion is reduced to 48 hours."
Carglumic acid,Carglumic acid,Carbaglu 200mg dispersible tablets (Recordati Rare Diseases UK Ltd),Information outside product licence,7 Days,8°C to 15 °C,Yes,,Yes,"If the excursion temperature exceeds 15°C but remains below 25°C, the maximum time for excursion is reduced to 72 hours."
Cefiderocol,Cefiderocol,Fetcroja 1g powder for concentrate for solution for infusion vials (Shionogi BV),Information outside product licence,6 hours,8°C to 30 °C,Yes,,,
Certolizumab pegol,Certolizumab pegol,Cimzia 200mg/1ml solution for injection pre-filled syringes (UCB Pharma Ltd),Information as per product licence,10 Days,8°C to 25 °C,No,Yes,Yes,Discard product if exposed to greater than one excursion.
Certolizumab pegol,Certolizumab pegol,Cimzia 200mg/1ml solution for injection pre-filled pens (UCB Pharma Ltd),Information as per product licence,10 Days,8°C to 25 °C,No,Yes,Yes,Discard product if exposed to greater than one excursion.
Certolizumab pegol,Certolizumab pegol,Cimzia 200mg/1ml solution for injection in a dose-dispenser cartridge (UCB Pharma Ltd),Information as per product licence,10 Days,8°C to 25 °C,No,Yes,Yes,Discard product if exposed to greater than one excursion.
Chloramphenicol,Chloramphenicol,Minims chloramphenicol 0.5% eye drops 0.5ml unit dose (Bausch & Lomb UK Ltd),Information as per product licence,28 Days,8°C to 25 °C,Yes,Yes,,
Chlormethine,Chlormethine,Ledaga 160micrograms/g gel (Recordati Rare Diseases UK Ltd),Information outside product licence,12 hours,8°C to 25 °C,Yes,,,
Cholera vaccine,Cholera vaccine,Dukoral cholera vaccine effervescent powder and suspension for oral suspension (Valneva UK Ltd),Information as per product licence,14 Days,8°C to 25 °C,Yes,Yes,,
Choriogonadotropin alfa,Choriogonadotropin alfa,Ovitrelle 250micrograms/0.5ml solution for injection pre-filled syringes (Merck Serono Ltd),Information as per product licence,30 Days,8°C to 25 °C,No,Yes,,
Cisatracurium,Cisatracurium,Cisatracurium besilate 150mg/30ml solution for injection vials (Accord-UK Ltd),Information outside product licence,28 Days,8°C to 25 °C,Yes,Yes,,
Cisatracurium,Cisatracurium,Cisatracurium besilate 20mg/10ml solution for injection ampoules (Hikma Pharmaceuticals International Ltd),Information outside product licence,28 Days,8°C to 25 °C,Yes,Yes,,
Cladribine,Cladribine,Litak 10mg/5ml solution for injection vials (Lipomed GmbH),Information outside product licence,730 Days,8°C to 25 °C,Yes,Yes,Yes,"If the excursion temperature exceeds 25°C but remains below 30°C, the maximum time for excursion is reduced to 1 year."
Crisantaspase,Crisantaspase,"Erwinase 10,000unit powder for solution for injection vials (Porton Biopharma Ltd)",Information outside product licence,28 Days,8°C to 25 °C,Yes,,,
Daratumumab,Daratumumab,Darzalex 1800mg/15ml solution for injection vials (Janssen-Cilag Ltd),Information as per product licence,24 hours,8°C to 30 °C,No,Yes,,
Darbepoetin alfa,Darbepoetin alfa,Aranesp 20micrograms/0.5ml solution for injection pre-filled syringes (Amgen Ltd),Information as per product licence,7 Days,8°C to 25 °C,No,Yes,,
Darbepoetin alfa,Darbepoetin alfa,Aranesp 30micrograms/0.3ml solution for injection pre-filled syringes (Amgen Ltd),Information as per product licence,7 Days,8°C to 25 °C,No,Yes,,
Darbepoetin alfa,Darbepoetin alfa,Aranesp 40micrograms/0.4ml solution for injection pre-filled syringes (Amgen Ltd),Information as per product licence,7 Days,8°C to 25 °C,No,Yes,,
Darbepoetin alfa,Darbepoetin alfa,Aranesp 50micrograms/0.5ml solution for injection pre-filled syringes (Amgen Ltd),Information as per product licence,7 Days,8°C to 25 °C,No,Yes,,
Darbepoetin alfa,Darbepoetin alfa,Aranesp 60micrograms/0.3ml solution for injection pre-filled syringes (Amgen Ltd),Information as per product licence,7 Days,8°C to 25 °C,No,Yes,,
Darbepoetin alfa,Darbepoetin alfa,Aranesp 10micrograms/0.4ml solution for injection pre-filled syringes (Amgen Ltd),Information as per product licence,7 Days,8°C to 25 °C,No,Yes,,
Darbepoetin alfa,Darbepoetin alfa,Aranesp 80micrograms/0.4ml solution for injection pre-filled syringes (Amgen Ltd),Information as per product licence,7 Days,8°C to 25 °C,No,Yes,,
Darbepoetin alfa,Darbepoetin alfa,Aranesp 100micrograms/0.5ml solution for injection pre-filled syringes (Amgen Ltd),Information as per product licence,7 Days,8°C to 25 °C,No,Yes,,
Darbepoetin alfa,Darbepoetin alfa,Aranesp 150micrograms/0.3ml solution for injection pre-filled syringes (Amgen Ltd),Information as per product licence,7 Days,8°C to 25 °C,No,Yes,,
Darbepoetin alfa,Darbepoetin alfa,Aranesp 500micrograms/1ml solution for injection pre-filled syringes (Amgen Ltd),Information as per product licence,7 Days,8°C to 25 °C,No,Yes,,
Darbepoetin alfa,Darbepoetin alfa,Aranesp 300micrograms/0.6ml solution for injection pre-filled syringes (Amgen Ltd),Information as per product licence,7 Days,8°C to 25 °C,No,Yes,,
Darbepoetin alfa,Darbepoetin alfa,Aranesp SureClick 500micrograms/1ml solution for injection pre-filled pens (Amgen Ltd),Information as per product licence,7 Days,8°C to 25 °C,No,Yes,,
Darbepoetin alfa,Darbepoetin alfa,Aranesp SureClick 20micrograms/0.5ml solution for injection pre-filled pens (Amgen Ltd),Information as per product licence,7 Days,8°C to 25 °C,No,Yes,,
Darbepoetin alfa,Darbepoetin alfa,Aranesp SureClick 40micrograms/0.4ml solution for injection pre-filled pens (Amgen Ltd),Information as per product licence,7 Days,8°C to 25 °C,No,Yes,,
Darbepoetin alfa,Darbepoetin alfa,Aranesp SureClick 60micrograms/0.3ml solution for injection pre-filled pens (Amgen Ltd),Information as per product licence,7 Days,8°C to 25 °C,No,Yes,,
Darbepoetin alfa,Darbepoetin alfa,Aranesp SureClick 80micrograms/0.4ml solution for injection pre-filled pens (Amgen Ltd),Information as per product licence,7 Days,8°C to 25 °C,No,Yes,,
Darbepoetin alfa,Darbepoetin alfa,Aranesp SureClick 100micrograms/0.5ml solution for injection pre-filled pens (Amgen Ltd),Information as per product licence,7 Days,8°C to 25 °C,No,Yes,,
Darbepoetin alfa,Darbepoetin alfa,Aranesp SureClick 150micrograms/0.3ml solution for injection pre-filled pens (Amgen Ltd),Information as per product licence,7 Days,8°C to 25 °C,No,Yes,,
Darbepoetin alfa,Darbepoetin alfa,Aranesp SureClick 300micrograms/0.6ml solution for injection pre-filled pens (Amgen Ltd),Information as per product licence,7 Days,8°C to 25 °C,No,Yes,,
Darbepoetin alfa,Darbepoetin alfa,Aranesp 130micrograms/0.65ml solution for injection pre-filled syringes (Amgen Ltd),Information as per product licence,7 Days,8°C to 25 °C,No,Yes,,
Denosumab,Denosumab,Prolia 60mg/1ml solution for injection pre-filled syringes (Amgen Ltd),Information as per product licence,30 Days,8°C to 25 °C,Yes,Yes,Yes,Protect from light.
Denosumab,Denosumab,Xgeva 120mg/1.7ml solution for injection vials (Amgen Ltd),Information outside product licence,30 Days,8°C to 25 °C,Yes,Yes,Yes,Protect from light.
Digoxin specific antibody,Digoxin specific antibody,DigiFab 40mg powder for solution for infusion vials (Protherics Medicines Development Ltd),Information outside product licence,7 Days,8°C to 25 °C,Yes,,,
Diphtheria + Tetanus + Pertussis + Hepatitis B + Poliomyelitis + Haemophilus influenzae type B vaccine,Diphtheria + Tetanus + Pertussis + Hepatitis B + Poliomyelitis + Haemophilus influenzae type B vaccine,Infanrix Hexa vaccine powder and suspension for suspension for injection 0.5ml pre-filled syringes (GlaxoSmithKline UK Ltd),Information as per product licence,72 hours,8°C to 25 °C,Yes,,,
Diphtheria + Tetanus + Pertussis + Hepatitis B + Poliomyelitis + Haemophilus influenzae type B vaccine,Diphtheria + Tetanus + Pertussis + Hepatitis B + Poliomyelitis + Haemophilus influenzae type B vaccine,Vaxelis vaccine suspension for injection 0.5ml pre-filled syringes (Sanofi),Information as per product licence,9 Days 12 Hrs,8°C to 25 °C,Yes,Yes,,
Diphtheria + Tetanus + Pertussis + Poliomyelitis + Haemophilus influenzae type B vaccine,Diphtheria + Tetanus + Pertussis + Poliomyelitis + Haemophilus influenzae type B vaccine,Infanrix-IPV + Hib vaccine powder and suspension for suspension for injection 0.5ml pre-filled syringes (GlaxoSmithKline UK Ltd),Information outside product licence,72 hours,8°C to 25 °C,Yes,,,
Diphtheria + Tetanus + Pertussis + Poliomyelitis vaccine,Diphtheria + Tetanus + Pertussis + Poliomyelitis vaccine,Boostrix-IPV suspension for injection 0.5ml pre-filled syringes (GlaxoSmithKline UK Ltd),Information as per product licence,8 hours,8°C to 21 °C,Yes,Yes,,
Dornase alfa,Dornase alfa,Pulmozyme 2.5mg nebuliser liquid 2.5ml ampoules (Roche Products Ltd),Information as per product licence,24 hours,8°C to 30 °C,Yes,,,
Dostarlimab,Dostarlimab,Jemperli 500mg/10ml concentrate for solution for infusion vials (GlaxoSmithKline UK Ltd),Information outside product licence,40 hours,8°C to 30 °C,Yes,,,
Doxorubicin,Doxorubicin,Doxorubicin 50mg/25ml solution for infusion vials (medac UK),Information outside product licence,12 hours,8°C to 25 °C,Yes,,Yes,"If excursion time exceeds 12 hours, use product within 14 days."
Doxorubicin,Doxorubicin,Doxorubicin 200mg/100ml solution for infusion vials (medac UK),Information outside product licence,12 hours,8°C to 25 °C,Yes,,Yes,"If excursion time exceeds 12 hours, use product within 14 days."
Doxorubicin,Doxorubicin,Doxorubicin 10mg/5ml solution for infusion vials (medac UK),Information outside product licence,12 hours,8°C to 25 °C,Yes,,Yes,"If excursion time exceeds 12 hours, use product within 14 days."
Doxycycline,Doxycycline,Doxycyclin-ratiopharm SF 100mg/5ml solution for injection ampoules (Imported (Germany)),Information outside product licence,7 Days,8°C to 25 °C,Yes,,,
Dulaglutide,Dulaglutide,Trulicity 0.75mg/0.5ml solution for injection pre-filled pens (Eli Lilly and Company Ltd),Information as per product licence,14 Days,8°C to 30 °C,Yes,Yes,,
Dulaglutide,Dulaglutide,Trulicity 1.5mg/0.5ml solution for injection pre-filled pens (Eli Lilly and Company Ltd),Information as per product licence,14 Days,8°C to 30 °C,Yes,Yes,,
Dulaglutide,Dulaglutide,Trulicity 3mg/0.5ml solution for injection pre-filled pens (Eli Lilly and Company Ltd),Information as per product licence,14 Days,8°C to 30 °C,Yes,Yes,,
Dulaglutide,Dulaglutide,Trulicity 4.5mg/0.5ml solution for injection pre-filled pens (Eli Lilly and Company Ltd),Information as per product licence,14 Days,8°C to 30 °C,Yes,Yes,,
Dupilumab,Dupilumab,Dupixent 300mg/2ml solution for injection pre-filled syringes (Sanofi Genzyme),Information as per product licence,14 Days,8°C to 25 °C,Yes,Yes,,
Dupilumab,Dupilumab,Dupixent 200mg/1.14ml solution for injection pre-filled syringes (Sanofi Genzyme),Information as per product licence,14 Days,8°C to 25 °C,Yes,Yes,,
Dupilumab,Dupilumab,Dupixent 200mg/1.14ml solution for injection pre-filled pens (Sanofi Genzyme),Information as per product licence,14 Days,8°C to 25 °C,Yes,Yes,,
Dupilumab,Dupilumab,Dupixent 300mg/2ml solution for injection pre-filled pens (Sanofi Genzyme),Information as per product licence,14 Days,8°C to 25 °C,Yes,Yes,,
Durvalumab,Durvalumab,Imfinzi 500mg/10ml concentrate for solution for infusion vials (AstraZeneca UK Ltd),Information outside product licence,24 hours,8°C to 40 °C,Yes,,,
Durvalumab,Durvalumab,Imfinzi 120mg/2.4ml concentrate for solution for infusion vials (AstraZeneca UK Ltd),Information outside product licence,24 hours,8°C to 40 °C,Yes,,,
Eculizumab,Eculizumab,Soliris 300mg/30ml concentrate for solution for infusion vials (Alexion Pharma UK Ltd),Information as per product licence,72 hours,8°C to 25 °C,Yes,,,
Emicizumab,Emicizumab,Hemlibra 30mg/1ml solution for injection vials (Roche Products Ltd),Information as per product licence,7 Days,8°C to 30 °C,Yes,,,
Emicizumab,Emicizumab,Hemlibra 60mg/0.4ml solution for injection vials (Roche Products Ltd),Information as per product licence,7 Days,8°C to 30 °C,Yes,,,
Emicizumab,Emicizumab,Hemlibra 105mg/0.7ml solution for injection vials (Roche Products Ltd),Information as per product licence,7 Days,8°C to 30 °C,Yes,,,
Emicizumab,Emicizumab,Hemlibra 150mg/1ml solution for injection vials (Roche Products Ltd),Information as per product licence,7 Days,8°C to 30 °C,Yes,,,
Enfortumab vedotin,Enfortumab vedotin,Padcev 30mg powder for concentrate for solution for infusion vials (Astellas Pharma Ltd),Information outside product licence,168 Days,8°C to 40 °C,Yes,,,
Epoetin alfa,Epoetin alfa,"Eprex 4,000units/0.4ml solution for injection pre-filled syringes (Janssen-Cilag Ltd)",Information as per product licence,72 hours,8°C to 25 °C,No,Yes,,
Epoetin alfa,Epoetin alfa,"Eprex 2,000units/0.5ml solution for injection pre-filled syringes (Janssen-Cilag Ltd)",Information as per product licence,72 hours,8°C to 25 °C,No,Yes,,
Epoetin alfa,Epoetin alfa,"Eprex 3,000units/0.3ml solution for injection pre-filled syringes (Janssen-Cilag Ltd)",Information as per product licence,72 hours,8°C to 25 °C,No,Yes,,
Epoetin alfa,Epoetin alfa,"Eprex 5,000units/0.5ml solution for injection pre-filled syringes (Janssen-Cilag Ltd)",Information as per product licence,72 hours,8°C to 25 °C,No,Yes,,
Epoetin alfa,Epoetin alfa,"Eprex 6,000units/0.6ml solution for injection pre-filled syringes (Janssen-Cilag Ltd)",Information as per product licence,72 hours,8°C to 25 °C,No,Yes,,
Epoetin alfa,Epoetin alfa,"Eprex 8,000units/0.8ml solution for injection pre-filled syringes (Janssen-Cilag Ltd)",Information as per product licence,72 hours,8°C to 25 °C,No,Yes,,
Epoetin alfa,Epoetin alfa,"Eprex 10,000units/1ml solution for injection pre-filled syringes (Janssen-Cilag Ltd)",Information as per product licence,72 hours,8°C to 25 °C,No,Yes,,
Epoetin alfa,Epoetin alfa,"Eprex 20,000units/0.5ml solution for injection pre-filled syringes (Janssen-Cilag Ltd)",Information as per product licence,72 hours,8°C to 25 °C,No,Yes,,
Epoetin alfa,Epoetin alfa,"Eprex 40,000units/1ml solution for injection pre-filled syringes (Janssen-Cilag Ltd)",Information as per product licence,72 hours,8°C to 25 °C,No,Yes,,
Epoetin alfa,Epoetin alfa,"Eprex 30,000units/0.75ml solution for injection pre-filled syringes (Janssen-Cilag Ltd)",Information as per product licence,72 hours,8°C to 25 °C,No,Yes,,
Epoetin beta,Epoetin beta,NeoRecormon 500units/0.3ml solution for injection pre-filled syringes (Roche Products Ltd),Information as per product licence,72 hours,8°C to 25 °C,No,Yes,,
Epoetin beta,Epoetin beta,"NeoRecormon 2,000units/0.3ml solution for injection pre-filled syringes (Roche Products Ltd)",Information as per product licence,72 hours,8°C to 25 °C,No,Yes,,
Epoetin beta,Epoetin beta,"NeoRecormon 3,000units/0.3ml solution for injection pre-filled syringes (Roche Products Ltd)",Information as per product licence,72 hours,8°C to 25 °C,No,Yes,,
Epoetin beta,Epoetin beta,"NeoRecormon 4,000units/0.3ml solution for injection pre-filled syringes (Roche Products Ltd)",Information as per product licence,72 hours,8°C to 25 °C,No,Yes,,
Epoetin beta,Epoetin beta,"NeoRecormon 5,000units/0.3ml solution for injection pre-filled syringes (Roche Products Ltd)",Information as per product licence,72 hours,8°C to 25 °C,No,Yes,,
Epoetin beta,Epoetin beta,"NeoRecormon 6,000units/0.3ml solution for injection pre-filled syringes (Roche Products Ltd)",Information as per product licence,72 hours,8°C to 25 °C,No,Yes,,
Epoetin beta,Epoetin beta,"NeoRecormon 10,000units/0.6ml solution for injection pre-filled syringes (Roche Products Ltd)",Information as per product licence,72 hours,8°C to 25 °C,No,Yes,,
Epoetin beta,Epoetin beta,"NeoRecormon 20,000units/0.6ml solution for injection pre-filled syringes (Roche Products Ltd)",Information as per product licence,72 hours,8°C to 25 °C,No,Yes,,
Epoetin beta,Epoetin beta,"NeoRecormon 30,000units/0.6ml solution for injection pre-filled syringes (Roche Products Ltd)",Information as per product licence,72 hours,8°C to 25 °C,No,Yes,,
Epoetin zeta,Epoetin zeta,"Retacrit 1,000units/0.3ml solution for injection pre-filled syringes (Pfizer Ltd)",Information as per product licence,72 hours,8°C to 25 °C,No,Yes,,
Epoetin zeta,Epoetin zeta,"Retacrit 2,000units/0.6ml solution for injection pre-filled syringes (Pfizer Ltd)",Information as per product licence,72 hours,8°C to 25 °C,No,Yes,,
Epoetin zeta,Epoetin zeta,"Retacrit 3,000units/0.9ml solution for injection pre-filled syringes (Pfizer Ltd)",Information as per product licence,72 hours,8°C to 25 °C,No,Yes,,
Epoetin zeta,Epoetin zeta,"Retacrit 4,000units/0.4ml solution for injection pre-filled syringes (Pfizer Ltd)",Information as per product licence,72 hours,8°C to 25 °C,No,Yes,,
Epoetin zeta,Epoetin zeta,"Retacrit 5,000units/0.5ml solution for injection pre-filled syringes (Pfizer Ltd)",Information as per product licence,72 hours,8°C to 25 °C,No,Yes,,
Epoetin zeta,Epoetin zeta,"Retacrit 6,000units/0.6ml solution for injection pre-filled syringes (Pfizer Ltd)",Information as per product licence,72 hours,8°C to 25 °C,No,Yes,,
Epoetin zeta,Epoetin zeta,"Retacrit 8,000units/0.8ml solution for injection pre-filled syringes (Pfizer Ltd)",Information as per product licence,72 hours,8°C to 25 °C,No,Yes,,
Epoetin zeta,Epoetin zeta,"Retacrit 10,000units/1ml solution for injection pre-filled syringes (Pfizer Ltd)",Information as per product licence,72 hours,8°C to 25 °C,No,Yes,,
Epoetin zeta,Epoetin zeta,"Retacrit 40,000units/1ml solution for injection pre-filled syringes (Pfizer Ltd)",Information as per product licence,72 hours,8°C to 25 °C,No,Yes,,
Epoetin zeta,Epoetin zeta,"Retacrit 20,000units/0.5ml solution for injection pre-filled syringes (Pfizer Ltd)",Information as per product licence,72 hours,8°C to 25 °C,No,Yes,,
Epoetin zeta,Epoetin zeta,"Retacrit 30,000units/0.75ml solution for injection pre-filled syringes (Pfizer Ltd)",Information as per product licence,72 hours,8°C to 25 °C,No,Yes,,
Eptifibatide,Eptifibatide,Integrilin 20mg/10ml solution for injection vials (GlaxoSmithKline UK Ltd),Information outside product licence,28 Days,8°C to 25 °C,No,Yes,,
Eptifibatide,Eptifibatide,Integrilin 75mg/100ml solution for infusion vials (GlaxoSmithKline UK Ltd),Information outside product licence,28 Days,8°C to 25 °C,No,Yes,,
Eravacycline,Eravacycline,Xerava 100mg powder for concentrate for solution for infusion vials (PAION Netherlands B.V.),Information outside product licence,168 Days,8°C to 25 °C,Yes,,,
Erenumab,Erenumab,Aimovig 70mg/1ml solution for injection pre-filled pens (Novartis Pharmaceuticals UK Ltd),Information as per product licence,7 Days,8°C to 25 °C,No,Yes,,
Erenumab,Erenumab,Aimovig 140mg/1ml solution for injection pre-filled pens (Novartis Pharmaceuticals UK Ltd),Information as per product licence,7 Days,8°C to 25 °C,No,Yes,,
Ergometrine,Ergometrine,Ergometrine 500micrograms/1ml solution for injection ampoules (hameln pharma Ltd),Information outside product licence,84 Days,8°C to 25 °C,Yes,Yes,,
Ergometrine + Oxytocin,Ergometrine + Oxytocin,Syntometrine 500micrograms/1ml solution for injection ampoules (Alliance Pharmaceuticals Ltd),Information as per product licence,56 Days,8°C to 25 °C,Yes,Yes,Yes,Protect from light.
Etanercept,Etanercept,Benepali 50mg/1ml solution for injection pre-filled syringes (Biogen Idec Ltd),Information as per product licence,28 Days,8°C to 25 °C,No,Yes,,
Etanercept,Etanercept,Benepali 50mg/1ml solution for injection pre-filled pens (Biogen Idec Ltd),Information as per product licence,28 Days,8°C to 25 °C,No,Yes,,
Etanercept,Etanercept,Benepali 25mg/0.5ml solution for injection pre-filled syringes (Biogen Idec Ltd),Information as per product licence,28 Days,8°C to 25 °C,No,Yes,,
Ethinylestradiol + Etonogestrel,Ethinylestradiol + Etonogestrel,NuvaRing 0.12mg/0.015mg per day vaginal delivery system (Organon Pharma (UK) Ltd),Information as per product licence,112 Days,8°C to 30 °C,Yes,Yes,,
European viper snake venom antiserum,European viper snake venom antiserum,ViperaTAb 100mg/4ml concentrate for solution for infusion vials (Special Order),Information outside product licence,24 hours,8°C to 25 °C,Yes,,,
Evolocumab,Evolocumab,Repatha SureClick 140mg/1ml solution for injection pre-filled pens (Amgen Ltd),Information as per product licence,28 Days,8°C to 25 °C,No,Yes,Yes,Protect from light.
Exenatide,Exenatide,Byetta 5micrograms/0.02ml solution for injection 1.2ml pre-filled pens (AstraZeneca UK Ltd),Information as per product licence,30 Days,8°C to 25 °C,Yes,Yes,,
Exenatide,Exenatide,Byetta 10micrograms/0.04ml solution for injection 2.4ml pre-filled pens (AstraZeneca UK Ltd),Information as per product licence,30 Days,8°C to 25 °C,Yes,Yes,,
Exenatide,Exenatide,Bydureon BCise 2mg/0.85ml prolonged-release suspension for injection pre-filled pens (AstraZeneca UK Ltd),Information as per product licence,30 Days,8°C to 30 °C,Yes,Yes,,
Factor VIII + von Willebrand factor,Factor VIII + von Willebrand factor,Dried Factor VIII Fraction type 8Y 250unit powder and solvent for solution for injection vials (Bio Products Laboratory Ltd),Information as per product licence,84 Days,8°C to 25 °C,Yes,,,
Factor VIII + von Willebrand factor,Factor VIII + von Willebrand factor,Dried Factor VIII Fraction type 8Y 500unit powder and solvent for solution for injection vials (Bio Products Laboratory Ltd),Information as per product licence,84 Days,8°C to 25 °C,Yes,,,
Faricimab,Faricimab,Vabysmo 28.8mg/0.24ml solution for injection vials (Roche Products Ltd),Information as per product licence,24 hours,8°C to 25 °C,No,Yes,,
Filgrastim,Filgrastim,Nivestim 12million units/0.2ml solution for injection pre-filled syringes (Pfizer Ltd),Information as per product licence,15 Days,8°C to 25 °C,No,Yes,,
Filgrastim,Filgrastim,Nivestim 30million units/0.5ml solution for injection pre-filled syringes (Pfizer Ltd),Information as per product licence,15 Days,8°C to 25 °C,No,Yes,,
Filgrastim,Filgrastim,Nivestim 48million units/0.5ml solution for injection pre-filled syringes (Pfizer Ltd),Information as per product licence,15 Days,8°C to 25 °C,No,Yes,,
Filgrastim,Filgrastim,Zarzio 30million units/0.5ml solution for injection pre-filled syringes (Sandoz Ltd),Information as per product licence,8 Days,8°C to 25 °C,No,Yes,,
Filgrastim,Filgrastim,Zarzio 48million units/0.5ml solution for injection pre-filled syringes (Sandoz Ltd),Information as per product licence,8 Days,8°C to 25 °C,No,Yes,,
Fludrocortisone,Fludrocortisone,Fludrocortisone 100microgram tablets (Aspen Pharma Trading Ltd),Information as per product licence,30 Days,8°C to 25 °C,No,Yes,,
Folinic acid,Folinic acid,Calcium folinate 15mg/2ml solution for injection ampoules (Pfizer Ltd),Information outside product licence,28 Days,8°C to 25 °C,Yes,,,
Folinic acid,Folinic acid,Calcium folinate 300mg/30ml solution for injection vials (Pfizer Ltd),Information outside product licence,28 Days,8°C to 25 °C,Yes,,,
Folinic acid,Folinic acid,Calcium folinate 100mg/10ml solution for injection vials (Pfizer Ltd),Information outside product licence,28 Days,8°C to 25 °C,Yes,,,
Folinic acid,Folinic acid,Calcium folinate 50mg/5ml solution for injection vials (Pfizer Ltd),Information outside product licence,28 Days,8°C to 25 °C,Yes,,,
Follitropin alfa,Follitropin alfa,Gonal-f 300units/0.5ml solution for injection pre-filled pens (Merck Serono Ltd),Information as per product licence,84 Days,8°C to 25 °C,No,Yes,,
Follitropin alfa,Follitropin alfa,Gonal-f 450units/0.75ml solution for injection pre-filled pens (Merck Serono Ltd),Information as per product licence,84 Days,8°C to 25 °C,No,Yes,,
Follitropin alfa,Follitropin alfa,Gonal-f 900units/1.5ml solution for injection pre-filled pens (Merck Serono Ltd),Information as per product licence,84 Days,8°C to 25 °C,No,Yes,,
Follitropin delta,Follitropin delta,Rekovelle 12micrograms/0.36ml solution for injection pre-filled pens (Ferring Pharmaceuticals Ltd),Information as per product licence,84 Days,8°C to 25 °C,No,Yes,,
Follitropin delta,Follitropin delta,Rekovelle 72micrograms/2.16 ml solution for injection pre-filled pens (Ferring Pharmaceuticals Ltd),Information as per product licence,84 Days,8°C to 25 °C,No,Yes,,
Follitropin delta,Follitropin delta,Rekovelle 36micrograms/1.08ml solution for injection pre-filled pens (Ferring Pharmaceuticals Ltd),Information as per product licence,84 Days,8°C to 25 °C,No,Yes,,
Formoterol,Formoterol,Atimos Modulite 12micrograms/dose inhaler (Chiesi Ltd),Information as per product licence,84 Days,8°C to 30 °C,No,Yes,,
Fosphenytoin,Fosphenytoin,Pro-Epanutin 750mg/10ml concentrate for solution for injection vials (Pfizer Ltd),Information as per product licence,24 hours,8°C to 25 °C,Yes,,,
Fremanezumab,Fremanezumab,Ajovy 225mg/1.5ml solution for injection pre-filled pens (Teva UK Ltd),Information as per product licence,7 Days,8°C to 30 °C,No,Yes,,
Fulvestrant,Fulvestrant,Faslodex 250mg/5ml solution for injection pre-filled syringes (AstraZeneca UK Ltd),Information as per product licence,28 Days,8°C to 25 °C,Yes,,,
Galcanezumab,Galcanezumab,Emgality 120mg/1ml solution for injection pre-filled pens (Organon Pharma (UK) Ltd),Information as per product licence,7 Days,8°C to 30 °C,No,Yes,,
Gemtuzumab ozogamicin,Gemtuzumab ozogamicin,Mylotarg 5mg powder for concentrate for solution for infusion vials (Pfizer Ltd),Information outside product licence,4 Days,8°C to 25 °C,Yes,,,
Glucagon,Glucagon,GlucaGen Hypokit 1mg powder and solvent for solution for injection (Novo Nordisk Ltd),Information as per product licence,504 Days,8°C to 25 °C,Yes,Yes,,
Golimumab,Golimumab,Simponi 50mg/0.5ml solution for injection pre-filled syringes (Janssen-Cilag Ltd),Information as per product licence,30 Days,8°C to 25 °C,No,Yes,,
Golimumab,Golimumab,Simponi 50mg/0.5ml solution for injection pre-filled pens (Janssen-Cilag Ltd),Information as per product licence,30 Days,8°C to 25 °C,No,Yes,,
Golimumab,Golimumab,Simponi 100mg/1ml solution for injection pre-filled pens (Janssen-Cilag Ltd),Information as per product licence,30 Days,8°C to 25 °C,No,Yes,,
Haem arginate,Haem arginate,Normosang 250mg/10ml solution for infusion ampoules (Recordati Rare Diseases UK Ltd),Information outside product licence,7 Days,8°C to 15 °C,Yes,,Yes,"If the excursion temperature exceeds 15°C but remains below 25°C, the maximum time for excursion is reduced to 5 days. If the temperature exceeeds 25°C but remains below 40°C, the maximum time for the excursion is 3 days."
Haemophilus influenzae type b + Meningococcal group C vaccine,Haemophilus influenzae type b + Meningococcal group C vaccine,Menitorix vaccine powder and solvent for solution for injection 0.5ml vials (GlaxoSmithKline UK Ltd),Information outside product licence,7 Days,8°C to 37 °C,Yes,,,
Hepatitis A + B vaccine,Hepatitis A + B vaccine,Twinrix Adult vaccine suspension for injection 1ml pre-filled syringes (GlaxoSmithKline UK Ltd),Information outside product licence,7 Days,8°C to 25 °C,Yes,,,
Hepatitis A + B vaccine,Hepatitis A + B vaccine,Twinrix Paediatric vaccine suspension for injection 0.5ml pre-filled syringes (GlaxoSmithKline UK Ltd),Information outside product licence,7 Days,8°C to 25 °C,Yes,,,
Hepatitis A + B vaccine,Hepatitis A + B vaccine,Ambirix vaccine suspension for injection 1ml pre-filled syringes (GlaxoSmithKline UK Ltd),Information outside product licence,7 Days,8°C to 25 °C,Yes,,,
Hepatitis A vaccine,Hepatitis A vaccine,Havrix Junior Monodose vaccine suspension for injection 0.5ml pre-filled syringes (GlaxoSmithKline UK Ltd),Information as per product licence,72 hours,8°C to 25 °C,Yes,,,
Hepatitis A vaccine,Hepatitis A vaccine,Havrix Monodose vaccine suspension for injection 1ml pre-filled syringes (GlaxoSmithKline UK Ltd),Information as per product licence,72 hours,8°C to 25 °C,Yes,,,
Hepatitis B immunoglobulin,Hepatitis B immunoglobulin,Hepatitis B immunoglobulin human 500units/5ml solution for injection vials (Bio Products Laboratory Ltd),Information as per product licence,7 Days,8°C to 25 °C,Yes,,Yes,Protect from light.
Hepatitis B vaccine,Hepatitis B vaccine,Engerix B 20micrograms/1ml vaccine suspension for injection pre-filled syringes (GlaxoSmithKline UK Ltd),Information as per product licence,7 Days,8°C to 25 °C,Yes,,Yes,"If the excursion temperature exceeds 25°C but remains below 37°C, the maximum time for excursion is reduced to 72 hours."
Hepatitis B vaccine,Hepatitis B vaccine,Engerix B 10micrograms/0.5ml vaccine suspension for injection pre-filled syringes (GlaxoSmithKline UK Ltd),Information as per product licence,7 Days,8°C to 25 °C,Yes,,Yes,"If the excursion temperature exceeds 25°C but remains below 37°C, the maximum time for excursion is reduced to 72 hours."
High Purity Factor IX,High Purity Factor IX,Replenine-VF 500unit powder and solvent for solution for injection vials (Bio Products Laboratory Ltd),Information as per product licence,84 Days,8°C to 25 °C,Yes,,Yes,Protect from light.
High Purity Factor IX,High Purity Factor IX,"Replenine-VF 1,000unit powder and solvent for solution for injection vials (Bio Products Laboratory Ltd)",Information as per product licence,84 Days,8°C to 25 °C,Yes,,Yes,Protect from light.
Human papillomavirus vaccine,Human papillomavirus vaccine,Gardasil 9 vaccine suspension for injection 0.5ml pre-filled syringes (Merck Sharp & Dohme (UK) Ltd),Information as per product licence,4 Days,8°C to 40 °C,Yes,Yes,,
Hydroxycarbamide,Hydroxycarbamide,Xromi 100mg/ml oral solution (Nova Laboratories Ltd),Information outside product licence,72 hours,8°C to 25 °C,Yes,,,
Idarucizumab,Idarucizumab,Praxbind 2.5g/50ml solution for infusion vials (Boehringer Ingelheim Ltd),Information as per product licence,48 hours,8°C to 30 °C,Yes,,Yes,"Protect from light. 

If product exposed to light, maximum time for excursion is reduced to 6 hours."
Idursulfase,Idursulfase,Elaprase 6mg/3ml concentrate for solution for infusion vials (Takeda UK Ltd),Information as per product licence,8 hours,8°C to 25 °C,No,Yes,,
Infliximab,Infliximab,Remicade 100mg powder for concentrate for solution for infusion vials (Janssen-Cilag Ltd),Information as per product licence,168 Days,8°C to 25 °C,No,Yes,,
Infliximab,Infliximab,Inflectra 100mg powder for concentrate for solution for infusion vials (Pfizer Ltd),Information as per product licence,168 Days,8°C to 25 °C,No,Yes,,
Infliximab,Infliximab,Flixabi 100mg powder for concentrate for solution for infusion vials (Biogen Idec Ltd),Information as per product licence,168 Days,8°C to 25 °C,No,Yes,,
Influenza vaccine,Influenza vaccine,Fluenz Tetra vaccine nasal suspension 0.2ml unit dose (AstraZeneca UK Ltd),Information as per product licence,12 hours,8°C to 25 °C,No,Yes,,
Inotuzumab ozogamicin,Inotuzumab ozogamicin,Besponsa 1mg powder for concentrate for solution for infusion vials (Pfizer Ltd),Information outside product licence,365 Days,8°C to 27 °C,Yes,,,
Insulin aspart,Insulin aspart,NovoRapid Penfill 100units/ml solution for injection 3ml cartridges (Novo Nordisk Ltd),Information as per product licence,28 Days,8°C to 30 °C,No,Yes,,
Insulin aspart,Insulin aspart,NovoRapid 100units/ml solution for injection 10ml vials (Novo Nordisk Ltd),Information as per product licence,28 Days,8°C to 30 °C,No,Yes,,
Insulin aspart,Insulin aspart,NovoRapid FlexPen 100units/ml solution for injection 3ml pre-filled pens (Novo Nordisk Ltd),Information as per product licence,28 Days,8°C to 30 °C,Yes,Yes,,
Insulin aspart,Insulin aspart,NovoRapid FlexTouch 100units/ml solution for injection 3ml pre-filled pens (Novo Nordisk Ltd),Information as per product licence,28 Days,8°C to 30 °C,Yes,Yes,,
Insulin aspart,Insulin aspart,NovoRapid PumpCart 100units/ml solution for injection 1.6ml cartridges (Novo Nordisk Ltd),Information as per product licence,14 Days,8°C to 30 °C,No,Yes,Yes,"Following the temperature excursion, the PumpCart can be used for up to 7 more days below 37°C in an insulin infusion pump system."
Insulin aspart,Insulin aspart,Fiasp FlexTouch 100units/ml solution for injection 3ml pre-filled pens (Novo Nordisk Ltd),Information as per product licence,28 Days,8°C to 30 °C,No,Yes,,
Insulin aspart,Insulin aspart,Fiasp Penfill 100units/ml solution for injection 3ml cartridges (Novo Nordisk Ltd),Information as per product licence,28 Days,8°C to 30 °C,No,Yes,,
Insulin aspart,Insulin aspart,Fiasp 100units/ml solution for injection 10ml vials (Novo Nordisk Ltd),Information as per product licence,28 Days,8°C to 30 °C,Yes,Yes,,
Insulin aspart biphasic,Insulin aspart biphasic,NovoMix 30 FlexPen 100units/ml suspension for injection 3ml pre-filled pens (Novo Nordisk Ltd),Information as per product licence,28 Days,8°C to 30 °C,No,Yes,,
Insulin aspart biphasic,Insulin aspart biphasic,NovoMix 30 Penfill 100units/ml suspension for injection 3ml cartridges (Novo Nordisk Ltd),Information as per product licence,28 Days,8°C to 30 °C,No,Yes,,
Insulin degludec + Liraglutide,Insulin degludec + Liraglutide,Xultophy 100units/ml / 3.6mg/ml solution for injection 3ml pre-filled pens (Novo Nordisk Ltd),Information as per product licence,21 Days,8°C to 30 °C,Yes,Yes,,
Insulin detemir,Insulin detemir,Levemir FlexPen 100units/ml solution for injection 3ml pre-filled pens (Novo Nordisk Ltd),Information as per product licence,42 Days,8°C to 30 °C,Yes,Yes,,
Insulin detemir,Insulin detemir,Levemir Penfill 100units/ml solution for injection 3ml cartridges (Novo Nordisk Ltd),Information as per product licence,42 Days,8°C to 30 °C,No,Yes,,
Insulin detemir,Insulin detemir,Levemir InnoLet 100units/ml solution for injection 3ml pre-filled pens (Novo Nordisk Ltd),Information as per product licence,42 Days,8°C to 30 °C,No,Yes,,
Insulin glargine,Insulin glargine,Lantus 100units/ml solution for injection 3ml cartridges (Sanofi),Information as per product licence,28 Days,8°C to 30 °C,No,Yes,,
Insulin glargine,Insulin glargine,Lantus 100units/ml solution for injection 10ml vials (Sanofi),Information as per product licence,28 Days,8°C to 25 °C,Yes,Yes,,
Insulin glargine,Insulin glargine,Lantus 100units/ml solution for injection 3ml pre-filled SoloStar pens (Sanofi),Information as per product licence,28 Days,8°C to 30 °C,No,Yes,,
Insulin glargine,Insulin glargine,Toujeo 300units/ml solution for injection 1.5ml pre-filled SoloStar pens (Sanofi),Information as per product licence,42 Days,8°C to 30 °C,No,Yes,Yes,Store away from direct heat or direct light. Pens in use must not be stored in the refrigerator.
Insulin glargine,Insulin glargine,Abasaglar KwikPen 100units/ml solution for injection 3ml pre-filled pens (Eli Lilly and Company Ltd),Information as per product licence,28 Days,8°C to 30 °C,No,Yes,,
Insulin glargine,Insulin glargine,Abasaglar 100units/ml solution for injection 3ml cartridges (Eli Lilly and Company Ltd),Information as per product licence,28 Days,8°C to 30 °C,No,Yes,,
Insulin glargine,Insulin glargine,Toujeo 300units/ml solution for injection 3ml pre-filled DoubleStar pens (Sanofi),Information as per product licence,42 Days,8°C to 30 °C,No,Yes,Yes,Store away from direct heat or direct light. Pens in use must not be stored in the refrigerator.
Insulin glargine,Insulin glargine,Abasaglar Tempo Pen 100units/ml solution for injection 3ml pre-filled pens (Eli Lilly and Company Ltd),Information as per product licence,28 Days,8°C to 30 °C,No,Yes,,
Insulin glulisine,Insulin glulisine,Apidra 100units/ml solution for injection 3ml cartridges (Sanofi),Information as per product licence,28 Days,8°C to 25 °C,No,Yes,Yes,Pens or cartridge in use must not be stored in the refrigerator.
Insulin glulisine,Insulin glulisine,Apidra 100units/ml solution for injection 10ml vials (Sanofi),Information as per product licence,28 Days,8°C to 25 °C,Yes,Yes,,
Insulin glulisine,Insulin glulisine,Apidra 100units/ml solution for injection 3ml pre-filled SoloStar pens (Sanofi),Information as per product licence,28 Days,8°C to 25 °C,No,Yes,Yes,Pens or cartridge in use must not be stored in the refrigerator.
Insulin isophane biphasic human,Insulin isophane biphasic human,Insuman Comb 25 100units/ml suspension for injection 3ml cartridges (Sanofi),Information as per product licence,28 Days,8°C to 25 °C,No,Yes,Yes,Protect from light.
Insulin isophane biphasic human,Insulin isophane biphasic human,Humulin M3 100units/ml suspension for injection 3ml cartridges (Eli Lilly and Company Ltd),Information as per product licence,28 Days,8°C to 30 °C,No,Yes,,
Insulin isophane biphasic human,Insulin isophane biphasic human,Humulin M3 100units/ml suspension for injection 10ml vials (Eli Lilly and Company Ltd),Information as per product licence,28 Days,8°C to 30 °C,Yes,Yes,,
Insulin isophane biphasic human,Insulin isophane biphasic human,Humulin M3 KwikPen 100units/ml suspension for injection 3ml pre-filled pens (Eli Lilly and Company Ltd),Information as per product licence,28 Days,8°C to 30 °C,No,Yes,,
Insulin isophane biphasic human,Insulin isophane biphasic human,Insuman Comb 25 100units/ml suspension for injection 3ml pre-filled SoloStar pens (Sanofi),Information as per product licence,28 Days,8°C to 25 °C,No,Yes,Yes,Protect from light.
Insulin isophane biphasic porcine,Insulin isophane biphasic porcine,Hypurin Porcine 30/70 Mix 100units/ml suspension for injection 10ml vials (Wockhardt UK Ltd),Information as per product licence,28 Days,8°C to 25 °C,No,Yes,,
Insulin isophane biphasic porcine,Insulin isophane biphasic porcine,Hypurin Porcine 30/70 Mix 100units/ml suspension for injection 3ml cartridges (Wockhardt UK Ltd),Information as per product licence,28 Days,8°C to 25 °C,No,Yes,,
Insulin isophane human,Insulin isophane human,Humulin I 100units/ml suspension for injection 10ml vials (Eli Lilly and Company Ltd),Information as per product licence,28 Days,8°C to 30 °C,Yes,Yes,,
Insulin isophane human,Insulin isophane human,Humulin I 100units/ml suspension for injection 3ml cartridges (Eli Lilly and Company Ltd),Information as per product licence,28 Days,8°C to 30 °C,No,Yes,,
Insulin isophane human,Insulin isophane human,Insuman Basal 100units/ml suspension for injection 3ml cartridges (Sanofi),Information as per product licence,28 Days,8°C to 25 °C,No,Yes,Yes,Protect from light.
Insulin isophane human,Insulin isophane human,Humulin I KwikPen 100units/ml suspension for injection 3ml pre-filled pens (Eli Lilly and Company Ltd),Information as per product licence,28 Days,8°C to 30 °C,No,Yes,,
Insulin isophane human,Insulin isophane human,Insuman Basal 100units/ml suspension for injection 3ml pre-filled SoloStar pens (Sanofi),Information as per product licence,28 Days,8°C to 25 °C,No,Yes,Yes,Protect from light.
Insulin isophane porcine,Insulin isophane porcine,Hypurin Porcine Isophane 100units/ml suspension for injection 10ml vials (Wockhardt UK Ltd),Information as per product licence,28 Days,8°C to 25 °C,No,Yes,,
Insulin isophane porcine,Insulin isophane porcine,Hypurin Porcine Isophane 100units/ml suspension for injection 3ml cartridges (Wockhardt UK Ltd),Information as per product licence,28 Days,8°C to 25 °C,No,Yes,,
Insulin lispro,Insulin lispro,Humalog 100units/ml solution for injection 10ml vials (Eli Lilly and Company Ltd),Information as per product licence,28 Days,8°C to 30 °C,Yes,Yes,,
Insulin lispro,Insulin lispro,Humalog 100units/ml solution for injection 3ml cartridges (Eli Lilly and Company Ltd),Information as per product licence,28 Days,8°C to 30 °C,No,Yes,,
Insulin lispro,Insulin lispro,Humalog KwikPen 100units/ml solution for injection 3ml pre-filled pens (Eli Lilly and Company Ltd),Information as per product licence,28 Days,8°C to 30 °C,No,Yes,,
Insulin lispro,Insulin lispro,Humalog KwikPen 200units/ml solution for injection 3ml pre-filled pens (Eli Lilly and Company Ltd),Information as per product licence,28 Days,8°C to 30 °C,No,Yes,,
Insulin lispro biphasic,Insulin lispro biphasic,Humalog Mix50 100units/ml suspension for injection 3ml cartridges (Eli Lilly and Company Ltd),Information as per product licence,28 Days,8°C to 30 °C,No,Yes,,
Insulin lispro biphasic,Insulin lispro biphasic,Humalog Mix25 KwikPen 100units/ml suspension for injection 3ml pre-filled pens (Eli Lilly and Company Ltd),Information as per product licence,28 Days,8°C to 30 °C,No,Yes,,
Insulin lispro biphasic,Insulin lispro biphasic,Humalog Mix50 KwikPen 100units/ml suspension for injection 3ml pre-filled pens (Eli Lilly and Company Ltd),Information as per product licence,28 Days,8°C to 30 °C,No,Yes,,
Insulin lispro biphasic,Insulin lispro biphasic,Humalog Mix25 100units/ml suspension for injection 10ml vials (Eli Lilly and Company Ltd),Information as per product licence,28 Days,8°C to 30 °C,Yes,Yes,,
Insulin soluble human,Insulin soluble human,Humulin S 100units/ml solution for injection 3ml cartridges (Eli Lilly and Company Ltd),Information as per product licence,28 Days,8°C to 30 °C,No,Yes,,
Insulin soluble human,Insulin soluble human,Humulin S 100units/ml solution for injection 10ml vials (Eli Lilly and Company Ltd),Information as per product licence,28 Days,8°C to 30 °C,Yes,Yes,,
Insulin soluble porcine,Insulin soluble porcine,Hypurin Porcine Neutral 100units/ml solution for injection 10ml vials (Wockhardt UK Ltd),Information as per product licence,28 Days,8°C to 25 °C,No,Yes,,
Insulin soluble porcine,Insulin soluble porcine,Hypurin Porcine Neutral 100units/ml solution for injection 3ml cartridges (Wockhardt UK Ltd),Information as per product licence,28 Days,8°C to 25 °C,No,Yes,,
Interferon beta-1a,Interferon beta-1a,Rebif 44micrograms/0.5ml (12million units) solution for injection pre-filled syringes (Merck Serono Ltd),Information as per product licence,14 Days,8°C to 25 °C,Yes,,,
Interferon beta-1a,Interferon beta-1a,Rebif 22micrograms/0.5ml (6million units) solution for injection pre-filled syringes (Merck Serono Ltd),Information as per product licence,14 Days,8°C to 25 °C,Yes,,,
Interferon beta-1a,Interferon beta-1a,Rebif 8.8micrograms/0.2ml (2.4million units) solution for injection pre-filled syringes (Merck Serono Ltd),Information as per product licence,14 Days,8°C to 25 °C,Yes,,,
Interferon beta-1a,Interferon beta-1a,Rebif 22micrograms/0.5ml (6million units) solution for injection pre-filled syringes and Rebif 8.8micrograms/0.2ml (2.4million units) solution for injection pre-filled syringes (Merck Serono Ltd),Information as per product licence,14 Days,8°C to 25 °C,Yes,,,
Interferon beta-1a,Interferon beta-1a,Rebif 22micrograms/0.5ml (6million units) solution for injection 1.5ml cartridges (Merck Serono Ltd),Information as per product licence,14 Days,8°C to 25 °C,Yes,,,
Interferon beta-1a,Interferon beta-1a,Rebif 44micrograms/0.5ml (12million units) solution for injection 1.5ml cartridges (Merck Serono Ltd),Information as per product licence,14 Days,8°C to 25 °C,Yes,,,
Interferon beta-1a,Interferon beta-1a,Rebif 22micrograms/0.5ml (6million units) solution for injection pre-filled pens (Merck Serono Ltd),Information as per product licence,14 Days,8°C to 25 °C,Yes,,,
Interferon beta-1a,Interferon beta-1a,Rebif 44micrograms/0.5ml (12million units) solution for injection pre-filled pens (Merck Serono Ltd),Information as per product licence,14 Days,8°C to 25 °C,Yes,,,
Interferon beta-1a,Interferon beta-1a,Rebif 8.8micrograms/0.2ml (2.4million units) solution for injection pre-filled pens (Merck Serono Ltd),Information as per product licence,14 Days,8°C to 25 °C,Yes,,,
Interferon beta-1a,Interferon beta-1a,Rebif 22micrograms/0.5ml (6million units) solution for injection pre-filled pens and Rebif 8.8micrograms/0.2ml (2.4million units) solution for injection pre-filled pens (Merck Serono Ltd),Information as per product licence,14 Days,8°C to 25 °C,Yes,,,
Isavuconazole,Isavuconazole,Cresemba 200mg powder for concentrate for solution for infusion vials (Pfizer Ltd),Information outside product licence,3 Days 18 Hrs,8°C to 25 °C,Yes,,,
Ixekizumab,Ixekizumab,Taltz 80mg/1ml solution for injection pre-filled syringes (Eli Lilly and Company Ltd),Information as per product licence,5 Days,8°C to 30 °C,Yes,,,
Ixekizumab,Ixekizumab,Taltz 80mg/1ml solution for injection pre-filled pens (Eli Lilly and Company Ltd),Information as per product licence,5 Days,8°C to 30 °C,Yes,,,
Lanreotide,Lanreotide,Somatuline Autogel 60mg/0.5ml solution for injection pre-filled syringes with safety system (Ipsen Ltd),Information as per product licence,72 hours,8°C to 40 °C,Yes,,Yes,"This product can be returned to the fridge for later use as long as it has not been subjected to more than 3 temperature excursions, or has been exposed for more than 72 hours in total."
Lanreotide,Lanreotide,Somatuline Autogel 90mg/0.5ml solution for injection pre-filled syringes with safety system (Ipsen Ltd),Information as per product licence,72 hours,8°C to 40 °C,Yes,,Yes,"This product can be returned to the fridge for later use as long as it has not been subjected to more than 3 temperature excursions, or has been exposed for more than 72 hours in total."
Lanreotide,Lanreotide,Somatuline Autogel 120mg/0.5ml solution for injection pre-filled syringes with safety system (Ipsen Ltd),Information as per product licence,72 hours,8°C to 40 °C,Yes,,Yes,"This product can be returned to the fridge for later use as long as it has not been subjected to more than 3 temperature excursions, or has been exposed for more than 72 hours in total."
Latanoprost + Timolol,Latanoprost + Timolol,Xalacom eye drops (Viatris UK Healthcare Ltd),Information as per product licence,28 Days,8°C to 25 °C,No,Yes,,
Lidocaine + Hydrocortisone,Lidocaine + Hydrocortisone,Xyloproct 5%/0.275% ointment (Aspen Pharma Trading Ltd),Information as per product licence,56 Days,8°C to 25 °C,Yes,Yes,,
Lipegfilgrastim,Lipegfilgrastim,Lonquex 6mg/0.6ml solution for injection pre-filled syringes (Teva UK Ltd),Information as per product licence,7 Days,8°C to 25 °C,No,Yes,,
Liraglutide,Liraglutide,Victoza 6mg/ml solution for injection 3ml pre-filled pens (Novo Nordisk Ltd),Information as per product licence,28 Days,8°C to 30 °C,Yes,Yes,,
Liraglutide,Liraglutide,Saxenda 6mg/ml solution for injection 3ml pre-filled pens (Novo Nordisk Ltd),Information as per product licence,28 Days,8°C to 30 °C,Yes,Yes,,
Lixisenatide,Lixisenatide,Lyxumia 20micrograms/0.2ml solution for injection 3ml pre-filled pens (Sanofi),Information as per product licence,14 Days,8°C to 30 °C,No,Yes,,
Lopinavir + Ritonavir,Lopinavir + Ritonavir,Kaletra 80mg/20mg/1ml oral solution (AbbVie Ltd),Information as per product licence,42 Days,8°C to 25 °C,No,Yes,,
Lorazepam,Lorazepam,Lorazepam 4mg/1ml solution for injection ampoules (Macure Pharma UK Ltd),Information outside product licence,48 hours,8°C to 25 °C,Yes,,,
Measles + Mumps + Rubella vaccine,Measles + Mumps + Rubella vaccine,Priorix vaccine powder and solvent for solution for injection 0.5ml pre-filled syringes (GlaxoSmithKline UK Ltd),Information outside product licence,72 hours,8°C to 25 °C,Yes,,,
Meningococcal group B vaccine,Meningococcal group B vaccine,Bexsero vaccine suspension for injection 0.5ml pre-filled syringes (GlaxoSmithKline UK Ltd),Information outside product licence,48 hours,8°C to 25 °C,Yes,,,
Meningococcal groups A + C + W135 + Y vaccine,Meningococcal groups A + C + W135 + Y vaccine,Menveo vaccine powder and solvent for solution for injection 0.5ml vials (GlaxoSmithKline UK Ltd),Information outside product licence,5 Days,8°C to 25 °C,Yes,,,
Mercaptamine,Mercaptamine,Cystadrops 3.8mg/ml eye drops (Recordati Rare Diseases UK Ltd),Information outside product licence,7 Days,8°C to 15 °C,Yes,,Yes,"If the excursion temperature exceeds 15°C but remains below 25°C, the maximum time for excursion is reduced to 72 hours."
Methoxy polyethylene glycol-epoetin beta,Methoxy polyethylene glycol-epoetin beta,Mircera 50micrograms/0.3ml solution for injection pre-filled syringes (Roche Products Ltd),Information as per product licence,28 Days,8°C to 30 °C,No,Yes,,
Methoxy polyethylene glycol-epoetin beta,Methoxy polyethylene glycol-epoetin beta,Mircera 100micrograms/0.3ml solution for injection pre-filled syringes (Roche Products Ltd),Information as per product licence,28 Days,8°C to 30 °C,No,Yes,,
Methoxy polyethylene glycol-epoetin beta,Methoxy polyethylene glycol-epoetin beta,Mircera 150micrograms/0.3ml solution for injection pre-filled syringes (Roche Products Ltd),Information as per product licence,28 Days,8°C to 30 °C,No,Yes,,
Methoxy polyethylene glycol-epoetin beta,Methoxy polyethylene glycol-epoetin beta,Mircera 200micrograms/0.3ml solution for injection pre-filled syringes (Roche Products Ltd),Information as per product licence,28 Days,8°C to 30 °C,No,Yes,,
Methoxy polyethylene glycol-epoetin beta,Methoxy polyethylene glycol-epoetin beta,Mircera 75micrograms/0.3ml solution for injection pre-filled syringes (Roche Products Ltd),Information as per product licence,28 Days,8°C to 30 °C,No,Yes,,
Methoxy polyethylene glycol-epoetin beta,Methoxy polyethylene glycol-epoetin beta,Mircera 250micrograms/0.3ml solution for injection pre-filled syringes (Roche Products Ltd),Information as per product licence,28 Days,8°C to 30 °C,No,Yes,,
Methoxy polyethylene glycol-epoetin beta,Methoxy polyethylene glycol-epoetin beta,Mircera 30micrograms/0.3ml solution for injection pre-filled syringes (Roche Products Ltd),Information as per product licence,28 Days,8°C to 30 °C,No,Yes,,
Methoxy polyethylene glycol-epoetin beta,Methoxy polyethylene glycol-epoetin beta,Mircera 120micrograms/0.3ml solution for injection pre-filled syringes (Roche Products Ltd),Information as per product licence,28 Days,8°C to 30 °C,No,Yes,,
Methoxy polyethylene glycol-epoetin beta,Methoxy polyethylene glycol-epoetin beta,Mircera 360micrograms/0.6ml solution for injection pre-filled syringes (Roche Products Ltd),Information as per product licence,28 Days,8°C to 30 °C,No,Yes,,
Methyl aminolevulinate,Methyl aminolevulinate,Metvix 16% cream (Galderma (UK) Ltd),Information outside product licence,72 hours,8°C to 25 °C,Yes,,Yes,Use within 12 months following excursion.
Moroctocog alfa,Moroctocog alfa,ReFacto AF 500unit powder and solvent for solution for injection vials (Pfizer Ltd),Information as per product licence,84 Days,8°C to 25 °C,No,Yes,Yes,
Moroctocog alfa,Moroctocog alfa,"ReFacto AF 1,000unit powder and solvent for solution for injection vials (Pfizer Ltd)",Information as per product licence,84 Days,8°C to 25 °C,No,Yes,Yes,
Moroctocog alfa,Moroctocog alfa,ReFacto AF 250unit powder and solvent for solution for injection vials (Pfizer Ltd),Information as per product licence,84 Days,8°C to 25 °C,No,Yes,Yes,
Moroctocog alfa,Moroctocog alfa,"ReFacto AF 2,000unit powder and solvent for solution for injection vials (Pfizer Ltd)",Information as per product licence,84 Days,8°C to 25 °C,No,Yes,Yes,
Moroctocog alfa,Moroctocog alfa,"ReFacto AF 3,000unit powder and solvent for solution for injection pre-filled syringes (Pfizer Ltd)",Information as per product licence,84 Days,8°C to 25 °C,No,Yes,Yes,
Moroctocog alfa,Moroctocog alfa,"ReFacto AF 2,000unit powder and solvent for solution for injection pre-filled syringes (Pfizer Ltd)",Information as per product licence,84 Days,8°C to 25 °C,No,Yes,Yes,
Moroctocog alfa,Moroctocog alfa,"ReFacto AF 1,000unit powder and solvent for solution for injection pre-filled syringes (Pfizer Ltd)",Information as per product licence,84 Days,8°C to 25 °C,No,Yes,Yes,
Moroctocog alfa,Moroctocog alfa,ReFacto AF 500unit powder and solvent for solution for injection pre-filled syringes (Pfizer Ltd),Information as per product licence,84 Days,8°C to 25 °C,No,Yes,Yes,
Moroctocog alfa,Moroctocog alfa,ReFacto AF 250unit powder and solvent for solution for injection pre-filled syringes (Pfizer Ltd),Information as per product licence,84 Days,8°C to 25 °C,No,Yes,Yes,
Natalizumab,Natalizumab,Tysabri 150mg/1ml solution for injection pre-filled syringes (Biogen Idec Ltd),Information as per product licence,24 hours,8°C to 25 °C,No,Yes,,
Nitisinone,Nitisinone,Orfadin 2mg capsules (Swedish Orphan Biovitrum Ltd),Information as per product licence,56 Days,8°C to 25 °C,No,Yes,,
Nitisinone,Nitisinone,Orfadin 5mg capsules (Swedish Orphan Biovitrum Ltd),Information as per product licence,84 Days,8°C to 25 °C,No,Yes,,
Nitisinone,Nitisinone,Orfadin 10mg capsules (Swedish Orphan Biovitrum Ltd),Information as per product licence,84 Days,8°C to 25 °C,No,Yes,,
Nitisinone,Nitisinone,Orfadin 20mg capsules (Swedish Orphan Biovitrum Ltd),Information as per product licence,84 Days,8°C to 25 °C,No,Yes,,
Nitisinone,Nitisinone,Orfadin 4mg/1ml oral suspension (Swedish Orphan Biovitrum Ltd),Information as per product licence,56 Days,8°C to 25 °C,No,Yes,,
Nivolumab,Nivolumab,Opdivo 100mg/10ml concentrate for solution for infusion vials (Bristol-Myers Squibb Pharmaceuticals Ltd),Information as per product licence,48 hours,8°C to 25 °C,Yes,,,
Nivolumab,Nivolumab,Opdivo 240mg/24ml concentrate for solution for infusion vials (Bristol-Myers Squibb Pharmaceuticals Ltd),Information as per product licence,48 hours,8°C to 25 °C,Yes,,,
Nivolumab,Nivolumab,Opdivo 120mg/12ml concentrate for solution for infusion vials (Bristol-Myers Squibb Pharmaceuticals Ltd),Information as per product licence,48 hours,8°C to 25 °C,Yes,,,
Normal immunoglobulin human,Normal immunoglobulin human,Octagam 10% 10g/100ml solution for infusion bottles (Octapharma Ltd),Information as per product licence,252 Days,8°C to 25 °C,No,Yes,,
Normal immunoglobulin human,Normal immunoglobulin human,Octagam 10% 5g/50ml solution for infusion bottles (Octapharma Ltd),Information as per product licence,252 Days,8°C to 25 °C,No,Yes,,
Normal immunoglobulin human,Normal immunoglobulin human,Gammanorm 1.65g/10ml solution for injection vials (Octapharma Ltd),Information as per product licence,168 Days,8°C to 25 °C,No,Yes,,
Normal immunoglobulin human,Normal immunoglobulin human,Octagam 10% 2g/20ml solution for infusion vials (Octapharma Ltd),Information as per product licence,252 Days,8°C to 25 °C,No,Yes,,
Normal immunoglobulin human,Normal immunoglobulin human,Octagam 10% 20g/200ml solution for infusion bottles (Octapharma Ltd),Information as per product licence,252 Days,8°C to 25 °C,No,Yes,,
Normal immunoglobulin human,Normal immunoglobulin human,Octagam 5% 10g/200ml solution for infusion bottles (Octapharma Ltd),Information outside product licence,252 Days,8°C to 25 °C,No,Yes,,
Normal immunoglobulin human,Normal immunoglobulin human,Octagam 5% 5g/100ml solution for infusion bottles (Octapharma Ltd),Information outside product licence,252 Days,8°C to 25 °C,No,Yes,,
Normal immunoglobulin human,Normal immunoglobulin human,Gamunex 10% 5g/50ml solution for infusion vials (Grifols UK Ltd),Information as per product licence,168 Days,8°C to 25 °C,No,Yes,,
Normal immunoglobulin human,Normal immunoglobulin human,Gamunex 10% 10g/100ml solution for infusion vials (Grifols UK Ltd),Information as per product licence,168 Days,8°C to 25 °C,No,Yes,,
Normal immunoglobulin human,Normal immunoglobulin human,Gamunex 10% 20g/200ml solution for infusion vials (Grifols UK Ltd),Information as per product licence,168 Days,8°C to 25 °C,No,Yes,,
Normal immunoglobulin human,Normal immunoglobulin human,Gammanorm 2g/12ml solution for injection vials (Octapharma Ltd),Information as per product licence,168 Days,8°C to 25 °C,No,Yes,,
Normal immunoglobulin human,Normal immunoglobulin human,Gammanorm 4g/24ml solution for injection vials (Octapharma Ltd),Information as per product licence,168 Days,8°C to 25 °C,No,Yes,,
Normal immunoglobulin human,Normal immunoglobulin human,Gammanorm 8g/48ml solution for injection vials (Octapharma Ltd),Information as per product licence,168 Days,8°C to 25 °C,No,Yes,,
Normal immunoglobulin human,Normal immunoglobulin human,Gammanorm 1g/6ml solution for injection vials (Octapharma Ltd),Information as per product licence,168 Days,8°C to 25 °C,No,Yes,,
Normal immunoglobulin human,Normal immunoglobulin human,Cutaquig 1g/6ml solution for injection vials (Octapharma Ltd),Information as per product licence,252 Days,8°C to 25 °C,No,Yes,,
Normal immunoglobulin human,Normal immunoglobulin human,Cutaquig 2g/12ml solution for injection vials (Octapharma Ltd),Information as per product licence,252 Days,8°C to 25 °C,No,Yes,,
Normal immunoglobulin human,Normal immunoglobulin human,Cutaquig 4g/24ml solution for injection vials (Octapharma Ltd),Information as per product licence,252 Days,8°C to 25 °C,No,Yes,,
Normal immunoglobulin human,Normal immunoglobulin human,Cutaquig 8g/48ml solution for injection vials (Octapharma Ltd),Information as per product licence,252 Days,8°C to 25 °C,No,Yes,,
Nusinersen,Nusinersen,Spinraza 12mg/5ml solution for injection vials (Biogen Idec Ltd),Information as per product licence,14 Days,8°C to 30 °C,No,Yes,Yes,Protect from light.
Ocriplasmin,Ocriplasmin,Jetrea 0.375mg/0.3ml solution for injection vials (Inceptua AB),Information as per product licence,8 hours,8°C to 25 °C,No,Yes,Yes,"The product should be stored frozen. Once defrosted, the product may be kept in the fridge (2°C to 8°C) for up to 1 week. The product must then be used or discarded."
Octocog alfa,Octocog alfa,"Advate 1,000unit powder and solvent for solution for injection vials (Takeda UK Ltd)",Information as per product licence,168 Days,8°C to 25 °C,No,Yes,,
Octocog alfa,Octocog alfa,"Advate 1,500unit powder and solvent for solution for infusion vials (Takeda UK Ltd)",Information as per product licence,168 Days,8°C to 25 °C,No,Yes,,
Octocog alfa,Octocog alfa,"Advate 2,000unit powder and solvent for solution for injection vials (Takeda UK Ltd)",Information as per product licence,168 Days,8°C to 25 °C,No,Yes,,
Octocog alfa,Octocog alfa,"Advate 3,000unit powder and solvent for solution for infusion vials (Takeda UK Ltd)",Information as per product licence,168 Days,8°C to 25 °C,No,Yes,,
Octocog alfa,Octocog alfa,Advate 250unit powder and 2ml solvent for solution for injection vials (Takeda UK Ltd),Information as per product licence,168 Days,8°C to 25 °C,No,Yes,,
Octocog alfa,Octocog alfa,Advate 250unit powder and 5ml solvent for solution for injection vials (Takeda UK Ltd),Information as per product licence,168 Days,8°C to 25 °C,No,Yes,,
Octocog alfa,Octocog alfa,Advate 500unit powder and 2ml solvent for solution for injection vials (Takeda UK Ltd),Information as per product licence,168 Days,8°C to 25 °C,No,Yes,,
Octocog alfa,Octocog alfa,Advate 500unit powder and 5ml solvent for solution for injection vials (Takeda UK Ltd),Information as per product licence,168 Days,8°C to 25 °C,No,Yes,,
Octreotide,Octreotide,Sandostatin 100micrograms/1ml solution for injection ampoules (Novartis Pharmaceuticals UK Ltd),Information as per product licence,14 Days,8°C to 30 °C,Yes,,,
Octreotide,Octreotide,Sandostatin 50micrograms/1ml solution for injection ampoules (Novartis Pharmaceuticals UK Ltd),Information as per product licence,14 Days,8°C to 30 °C,Yes,,,
Octreotide,Octreotide,Sandostatin 500micrograms/1ml solution for injection ampoules (Novartis Pharmaceuticals UK Ltd),Information as per product licence,14 Days,8°C to 30 °C,Yes,,,
Octreotide,Octreotide,Octreotide 50micrograms/1ml solution for injection ampoules (Sun Pharma UK Ltd),Information outside product licence,28 Days,8°C to 25 °C,Yes,,,
Octreotide,Octreotide,Octreotide 100micrograms/1ml solution for injection ampoules (Sun Pharmaceutical Industries Europe B.V.),Information outside product licence,28 Days,8°C to 25 °C,Yes,,,
Octreotide,Octreotide,Octreotide 500micrograms/1ml solution for injection ampoules (Sun Pharma UK Ltd),Information outside product licence,28 Days,8°C to 25 °C,Yes,,,
Octreotide,Octreotide,Octreotide 1mg/5ml solution for injection vials (Sun Pharmaceutical Industries Europe B.V.),Information outside product licence,28 Days,8°C to 25 °C,Yes,,,
Ofatumumab,Ofatumumab,Kesimpta Sensoready 20mg/0.4ml solution for injection pre-filled pens (Novartis Pharmaceuticals UK Ltd),Information as per product licence,7 Days,8°C to 30 °C,Yes,Yes,Yes,Protect from light.
Omalizumab,Omalizumab,Xolair 75mg/0.5ml solution for injection pre-filled syringes (Novartis Pharmaceuticals UK Ltd),Information as per product licence,48 hours,8°C to 25 °C,Yes,,,
Omalizumab,Omalizumab,Xolair 150mg/1ml solution for injection pre-filled syringes (Novartis Pharmaceuticals UK Ltd),Information as per product licence,48 hours,8°C to 25 °C,Yes,,,
Oxytocin,Oxytocin,Syntocinon 5units/1ml solution for injection ampoules (Exeltis UK Ltd),Information as per product licence,84 Days,8°C to 30 °C,No,Yes,,
Oxytocin,Oxytocin,Syntocinon 10units/1ml solution for injection ampoules (Exeltis UK Ltd),Information as per product licence,84 Days,8°C to 30 °C,No,Yes,,
Oxytocin,Oxytocin,Oxytocin 10units/1ml solution for infusion ampoules (Esteve Pharmaceuticals Ltd),Information as per product licence,84 Days,8°C to 30 °C,No,Yes,,
Oxytocin,Oxytocin,Oxytocin 5units/1ml solution for injection ampoules (Kent Pharma (UK) Ltd),Information as per product licence,168 Days,8°C to 25 °C,Yes,Yes,,
Oxytocin,Oxytocin,Oxytocin 10units/1ml solution for injection ampoules (Kent Pharma (UK) Ltd),Information as per product licence,168 Days,8°C to 25 °C,Yes,Yes,,
Palivizumab,Palivizumab,Synagis 50mg/0.5ml solution for injection vials (AstraZeneca UK Ltd),Information outside product licence,24 hours,8°C to 25 °C,Yes,,Yes,"If the excursion temperature exceeds 25°C but remains below 40°C, the maximum time for excursion is reduced to 8 hours."
Palivizumab,Palivizumab,Synagis 100mg/1ml solution for injection vials (AstraZeneca UK Ltd),Information outside product licence,24 hours,8°C to 25 °C,Yes,,Yes,"If the excursion temperature exceeds 25°C but remains below 40°C, the maximum time for excursion is reduced to 8 hours."
Pancreatin,Pancreatin,Pancrex V 125mg capsules (Essential Pharma Ltd),Information outside product licence,48 hours,8°C to 25 °C,Yes,,,
Pancreatin,Pancreatin,Pancrex V capsules (Essential Pharma Ltd),Information outside product licence,48 hours,8°C to 25 °C,Yes,,,
Pasireotide,Pasireotide,Signifor 20mg powder and solvent for suspension for injection vials (Recordati Rare Diseases UK Ltd),Information outside product licence,72 hours,8°C to 25 °C,Yes,,,
Pasireotide,Pasireotide,Signifor 40mg powder and solvent for suspension for injection vials (Recordati Rare Diseases UK Ltd),Information outside product licence,72 hours,8°C to 25 °C,Yes,,,
Pasireotide,Pasireotide,Signifor 60mg powder and solvent for suspension for injection vials (Recordati Rare Diseases UK Ltd),Information outside product licence,72 hours,8°C to 25 °C,Yes,,,
Pasireotide,Pasireotide,Signifor 30mg powder and solvent for suspension for injection vials (Recordati Rare Diseases UK Ltd),Information outside product licence,72 hours,8°C to 25 °C,Yes,,,
Patiromer calcium,Patiromer calcium,Veltassa 16.8g oral powder sachets (Vifor Fresenius Medical Care Renal Pharma UK Ltd),Information as per product licence,168 Days,8°C to 25 °C,No,Yes,,
Patiromer calcium,Patiromer calcium,Veltassa 8.4g oral powder sachets (Vifor Fresenius Medical Care Renal Pharma UK Ltd),Information as per product licence,168 Days,8°C to 25 °C,No,Yes,,
Pegfilgrastim,Pegfilgrastim,Neulasta 6mg/0.6ml solution for injection pre-filled syringes (Amgen Ltd),Information as per product licence,72 hours,8°C to 30 °C,No,Yes,,
Peginterferon alfa-2a,Peginterferon alfa-2a,Pegasys 135micrograms/0.5ml solution for injection pre-filled syringes (pharmaand GmbH),Information outside product licence,24 hours,8°C to 25 °C,Yes,,,
Peginterferon alfa-2a,Peginterferon alfa-2a,Pegasys 180micrograms/0.5ml solution for injection pre-filled syringes (pharmaand GmbH),Information outside product licence,24 hours,8°C to 25 °C,Yes,,,
Peginterferon alfa-2a,Peginterferon alfa-2a,Pegasys 90micrograms/0.5ml solution for injection pre-filled syringes (pharmaand GmbH),Information outside product licence,24 hours,8°C to 25 °C,Yes,,,
Peginterferon beta-1a,Peginterferon beta-1a,Plegridy 63micrograms/0.5ml solution for injection pre-filled pens (Biogen Idec Ltd),Information as per product licence,30 Days,8°C to 25 °C,Yes,Yes,Yes,Protect from light.
Peginterferon beta-1a,Peginterferon beta-1a,Plegridy 94micrograms/0.5ml solution for injection pre-filled pens (Biogen Idec Ltd),Information as per product licence,30 Days,8°C to 25 °C,Yes,Yes,Yes,Protect from light.
Peginterferon beta-1a,Peginterferon beta-1a,Plegridy 63micrograms/0.5ml and 94micrograms/0.5ml solution for injection pre-filled pens treatment initiation pack (Biogen Idec Ltd),Information as per product licence,30 Days,8°C to 25 °C,Yes,Yes,Yes,Protect from light.
Peginterferon beta-1a,Peginterferon beta-1a,Plegridy 125micrograms/0.5ml solution for injection pre-filled pens (Biogen Idec Ltd),Information as per product licence,30 Days,8°C to 25 °C,Yes,Yes,Yes,Protect from light.
Peginterferon beta-1a,Peginterferon beta-1a,Plegridy 125micrograms/0.5ml solution for injection pre-filled syringes (Biogen Idec Ltd),Information as per product licence,30 Days,8°C to 25 °C,Yes,Yes,Yes,Protect from light.
Pegvisomant,Pegvisomant,Somavert 10mg powder and solvent for solution for injection vials (Pfizer Ltd),Information as per product licence,30 Days,8°C to 25 °C,No,Yes,Yes,"If the excursion temperature exceeds 25°C but remains below 27°C, the maximum time for excursion is reduced to 14 days. This use is outside the product licence but is as advised to SPS by manufacturer."
Pegvisomant,Pegvisomant,Somavert 15mg powder and solvent for solution for injection vials (Pfizer Ltd),Information as per product licence,30 Days,8°C to 25 °C,No,Yes,Yes,"If the excursion temperature exceeds 25°C but remains below 27°C, the maximum time for excursion is reduced to 14 days. This use is outside the product licence but is as advised to SPS by manufacturer."
Pegvisomant,Pegvisomant,Somavert 20mg powder and solvent for solution for injection vials (Pfizer Ltd),Information as per product licence,30 Days,8°C to 25 °C,No,Yes,Yes,"If the excursion temperature exceeds 25°C but remains below 27°C, the maximum time for excursion is reduced to 14 days. This use is outside the product licence but is as advised to SPS by manufacturer."
Pegvisomant,Pegvisomant,Somavert 25mg powder and solvent for solution for injection vials (Pfizer Ltd),Information as per product licence,30 Days,8°C to 25 °C,No,Yes,Yes,"If the excursion temperature exceeds 25°C but remains below 27°C, the maximum time for excursion is reduced to 14 days. This use is outside the product licence but is as advised to SPS by manufacturer."
Pegvisomant,Pegvisomant,Somavert 30mg powder and solvent for solution for injection vials (Pfizer Ltd),Information as per product licence,30 Days,8°C to 25 °C,No,Yes,Yes,"If the excursion temperature exceeds 25°C but remains below 27°C, the maximum time for excursion is reduced to 14 days. This use is outside the product licence but is as advised to SPS by manufacturer."
Pentostatin,Pentostatin,Nipent 10mg powder for solution for injection vials (Pfizer Ltd),Information outside product licence,168 Days,8°C to 25 °C,Yes,,,
Pneumococcal vaccine,Pneumococcal vaccine,Prevenar 13 vaccine suspension for injection 0.5ml pre-filled syringes (Pfizer Ltd),Information as per product licence,4 Days,8°C to 25 °C,Yes,Yes,,
Pneumococcal vaccine,Pneumococcal vaccine,Prevenar 20 vaccine suspension for injection 0.5ml pre-filled syringes (Pfizer Ltd),Information as per product licence,4 Days,8°C to 25 °C,Yes,Yes,,
Poractant alfa,Poractant alfa,Curosurf 240mg/3ml endotracheopulmonary suspension vials (Chiesi Ltd),Information as per product licence,24 hours,8°C to 25 °C,Yes,,,
Poractant alfa,Poractant alfa,Curosurf 120mg/1.5ml endotracheopulmonary suspension vials (Chiesi Ltd),Information as per product licence,24 hours,8°C to 25 °C,Yes,,,
Proxymetacaine,Proxymetacaine,Minims proxymetacaine 0.5% eye drops 0.5ml unit dose (Bausch & Lomb UK Ltd),Information as per product licence,28 Days,8°C to 25 °C,Yes,Yes,,
Rabies vaccine,Rabies vaccine,Rabipur vaccine powder and solvent for solution for injection 1ml pre-filled syringes (Bavarian Nordic UK Ltd),Information outside product licence,48 hours,8°C to 30 °C,Yes,,,
Ranibizumab,Ranibizumab,Lucentis 2.3mg/0.23ml solution for injection vials (Novartis Pharmaceuticals UK Ltd),Information as per product licence,24 hours,8°C to 25 °C,No,Yes,,
Ranibizumab,Ranibizumab,Lucentis 1.65mg/0.165ml solution for injection pre-filled syringes (Novartis Pharmaceuticals UK Ltd),Information as per product licence,24 hours,8°C to 25 °C,No,Yes,,
Ranibizumab,Ranibizumab,Ongavia 2.3mg/0.23ml solution for injection vials (Teva UK Ltd),Information as per product licence,24 hours,8°C to 25 °C,Yes,Yes,,
Risperidone,Risperidone,Risperdal Consta 37.5mg powder and solvent for prolonged-release suspension for injection vials (Janssen-Cilag Ltd),Information as per product licence,7 Days,8°C to 25 °C,No,Yes,,
Risperidone,Risperidone,Risperdal Consta 50mg powder and solvent for prolonged-release suspension for injection vials (Janssen-Cilag Ltd),Information as per product licence,7 Days,8°C to 25 °C,No,Yes,,
Risperidone,Risperidone,Risperdal Consta 25mg powder and solvent for prolonged-release suspension for injection vials (Janssen-Cilag Ltd),Information as per product licence,7 Days,8°C to 25 °C,No,Yes,,
Rituximab,Rituximab,Rixathon 100mg/10ml concentrate for solution for infusion vials (Sandoz Ltd),Information as per product licence,7 Days,8°C to 30 °C,No,Yes,,
Rituximab,Rituximab,Rixathon 500mg/50ml concentrate for solution for infusion vials (Sandoz Ltd),Information as per product licence,7 Days,8°C to 30 °C,No,Yes,,
Rocuronium,Rocuronium,Esmeron 50mg/5ml solution for injection vials (Merck Sharp & Dohme (UK) Ltd),Information as per product licence,84 Days,8°C to 30 °C,Yes,Yes,,
Rocuronium,Rocuronium,Rocuronium bromide 50mg/5ml solution for injection ampoules (hameln pharma Ltd),Information as per product licence,84 Days,8°C to 30 °C,No,Yes,,
Rocuronium,Rocuronium,Rocuronium bromide 100mg/10ml solution for injection vials (Bowmed Ibisqus Ltd),Information as per product licence,84 Days,8°C to 25 °C,No,Yes,,
Rocuronium,Rocuronium,Rocuronium bromide 50mg/5ml solution for injection vials (Bowmed Ibisqus Ltd),Information as per product licence,84 Days,8°C to 25 °C,No,Yes,,
Rocuronium,Rocuronium,Rocuronium bromide 100mg/10ml solution for injection ampoules (Bowmed Ibisqus Ltd),Information as per product licence,84 Days,8°C to 25 °C,No,Yes,,
Rocuronium,Rocuronium,Rocuronium bromide 50mg/5ml solution for injection ampoules (Bowmed Ibisqus Ltd),Information as per product licence,84 Days,8°C to 25 °C,No,Yes,,
Rocuronium,Rocuronium,Rocuronium bromide 50mg/5ml solution for injection vials (AS Kalceks),Information as per product licence,84 Days,8°C to 25 °C,No,Yes,,
Ropeginterferon alfa-2b,Ropeginterferon alfa-2b,Besremi 250micrograms/0.5ml solution for injection pre-filled pens (AOP Orphan Ltd),Information outside product licence,24 hours,8°C to 25 °C,Yes,,,
Rotavirus vaccine,Rotavirus vaccine,Rotarix vaccine live oral suspension 1.5ml tube (GlaxoSmithKline UK Ltd),Information outside product licence,72 hours,8°C to 25 °C,Yes,,Yes,"If the excursion temperature exceeds 25°C but remains below 37°C, the maximum time for excursion is reduced to 24 hours."
Rurioctocog alfa pegol,Rurioctocog alfa pegol,"Adynovi 2,000unit powder and solvent for solution for injection vials (Takeda UK Ltd)",Information as per product licence,84 Days,8°C to 30 °C,No,Yes,,
Rurioctocog alfa pegol,Rurioctocog alfa pegol,"Adynovi 1,000unit powder and solvent for solution for injection vials (Takeda UK Ltd)",Information as per product licence,84 Days,8°C to 30 °C,No,Yes,,
Rurioctocog alfa pegol,Rurioctocog alfa pegol,Adynovi 500unit powder and solvent for solution for injection vials (Takeda UK Ltd),Information as per product licence,84 Days,8°C to 30 °C,No,Yes,,
Rurioctocog alfa pegol,Rurioctocog alfa pegol,Adynovi 250unit powder and solvent for solution for injection vials (Takeda UK Ltd),Information as per product licence,84 Days,8°C to 30 °C,No,Yes,,
Sarilumab,Sarilumab,Kevzara 150mg/1.14ml solution for injection pre-filled syringes (Sanofi Genzyme),Information as per product licence,14 Days,8°C to 25 °C,Yes,Yes,,
Sarilumab,Sarilumab,Kevzara 200mg/1.14ml solution for injection pre-filled syringes (Sanofi Genzyme),Information as per product licence,14 Days,8°C to 25 °C,Yes,Yes,,
Sarilumab,Sarilumab,Kevzara 150mg/1.14ml solution for injection pre-filled pens (Sanofi Genzyme),Information as per product licence,14 Days,8°C to 25 °C,Yes,Yes,,
Sarilumab,Sarilumab,Kevzara 200mg/1.14ml solution for injection pre-filled pens (Sanofi Genzyme),Information as per product licence,14 Days,8°C to 25 °C,Yes,Yes,,
Secukinumab,Secukinumab,Cosentyx 150mg/1ml solution for injection pre-filled pens (Novartis Pharmaceuticals UK Ltd),Information as per product licence,4 Days,8°C to 30 °C,Yes,,,
Secukinumab,Secukinumab,Cosentyx 150mg/1ml solution for injection pre-filled syringes (Novartis Pharmaceuticals UK Ltd),Information as per product licence,4 Days,8°C to 30 °C,Yes,,,
Secukinumab,Secukinumab,Cosentyx 300mg/2ml solution for injection pre-filled pens (Novartis Pharmaceuticals UK Ltd),Information as per product licence,4 Days,8°C to 30 °C,Yes,,,
Secukinumab,Secukinumab,Cosentyx 75mg/0.5ml solution for injection pre-filled syringes (Novartis Pharmaceuticals UK Ltd),Information as per product licence,4 Days,8°C to 30 °C,Yes,,,
Semaglutide,Semaglutide,Ozempic 0.25mg/0.19ml solution for injection 1.5ml pre-filled pens (Novo Nordisk Ltd),Information as per product licence,42 Days,8°C to 30 °C,Yes,Yes,,
Semaglutide,Semaglutide,Ozempic 0.5mg/0.37ml solution for injection 1.5ml pre-filled pens (Novo Nordisk Ltd),Information as per product licence,42 Days,8°C to 30 °C,Yes,Yes,,
Semaglutide,Semaglutide,Ozempic 1mg/0.74ml solution for injection 3ml pre-filled pens (Novo Nordisk Ltd),Information as per product licence,42 Days,8°C to 30 °C,Yes,Yes,,
Setmelanotide,Setmelanotide,Imcivree 10mg/1ml solution for injection vials (Rhythm Pharmaceuticals UK Ltd),Information as per product licence,30 Days,8°C to 30 °C,Yes,Yes,,
Shingles (Herpes Zoster) vaccine,Shingles (Herpes Zoster) vaccine,Shingrix (Herpes Zoster) adjuvanted recombinant vaccine powder and suspension for suspension for injection 0.5ml vials (GlaxoSmithKline UK Ltd),Information outside product licence,7 Days,8°C to 30 °C,Yes,,,
Siltuximab,Siltuximab,Sylvant 400mg powder for concentrate for solution for infusion vials (Recordati UK Ltd),Information outside product licence,9 Days,8°C to 25 °C,Yes,,,
Siltuximab,Siltuximab,Sylvant 100mg powder for concentrate for solution for infusion vials (Recordati UK Ltd),Information outside product licence,9 Days,8°C to 25 °C,Yes,,,
Sirolimus,Sirolimus,Rapamune 1mg/ml oral solution (Pfizer Ltd),Information as per product licence,24 hours,8°C to 25 °C,Yes,,,
Somatrogon,Somatrogon,Ngenla 24mg/1.2ml solution for injection pre-filled pens (Pfizer Ltd),Information as per product licence,4 hours,8°C to 32 °C,Yes,,,
Somatrogon,Somatrogon,Ngenla 60mg/1.2ml solution for injection pre-filled pens (Pfizer Ltd),Information as per product licence,4 hours,8°C to 30 °C,Yes,,,
Somatropin,Somatropin,Genotropin 12mg powder and solvent for solution for injection cartridges (Pfizer Ltd),Information outside product licence,168 Days,8°C to 25 °C,No,Yes,,
Somatropin,Somatropin,Genotropin 5.3mg powder and solvent for solution for injection cartridges (Pfizer Ltd),Information outside product licence,168 Days,8°C to 25 °C,No,Yes,,
Somatropin,Somatropin,Genotropin MiniQuick 200microgram powder and solvent for solution for injection pre-filled disposable devices (Pfizer Ltd),Information as per product licence,168 Days,8°C to 25 °C,No,Yes,,
Somatropin,Somatropin,Genotropin MiniQuick 400microgram powder and solvent for solution for injection pre-filled disposable devices (Pfizer Ltd),Information as per product licence,168 Days,8°C to 25 °C,No,Yes,,
Somatropin,Somatropin,Genotropin MiniQuick 600microgram powder and solvent for solution for injection pre-filled disposable devices (Pfizer Ltd),Information as per product licence,168 Days,8°C to 25 °C,No,Yes,,
Somatropin,Somatropin,Genotropin MiniQuick 800microgram powder and solvent for solution for injection pre-filled disposable devices (Pfizer Ltd),Information as per product licence,168 Days,8°C to 25 °C,No,Yes,,
Somatropin,Somatropin,Genotropin MiniQuick 1.2mg powder and solvent for solution for injection pre-filled disposable devices (Pfizer Ltd),Information as per product licence,168 Days,8°C to 25 °C,No,Yes,,
Somatropin,Somatropin,Genotropin MiniQuick 1mg powder and solvent for solution for injection pre-filled disposable devices (Pfizer Ltd),Information as per product licence,168 Days,8°C to 25 °C,No,Yes,,
Somatropin,Somatropin,Genotropin MiniQuick 1.4mg powder and solvent for solution for injection pre-filled disposable devices (Pfizer Ltd),Information as per product licence,168 Days,8°C to 25 °C,No,Yes,,
Somatropin,Somatropin,Genotropin MiniQuick 1.6mg powder and solvent for solution for injection pre-filled disposable devices (Pfizer Ltd),Information as per product licence,168 Days,8°C to 25 °C,No,Yes,,
Somatropin,Somatropin,Genotropin MiniQuick 1.8mg powder and solvent for solution for injection pre-filled disposable devices (Pfizer Ltd),Information as per product licence,168 Days,8°C to 25 °C,No,Yes,,
Somatropin,Somatropin,Genotropin MiniQuick 2mg powder and solvent for solution for injection pre-filled disposable devices (Pfizer Ltd),Information as per product licence,168 Days,8°C to 25 °C,No,Yes,,
Somatropin,Somatropin,Genotropin GoQuick 12mg powder and solvent for solution for injection pre-filled pens (Pfizer Ltd),Information as per product licence,168 Days,8°C to 25 °C,No,Yes,,
Somatropin,Somatropin,Genotropin GoQuick 5.3mg powder and solvent for solution for injection pre-filled pens (Pfizer Ltd),Information as per product licence,168 Days,8°C to 25 °C,No,Yes,,
Somatropin,Somatropin,Norditropin NordiFlex 15mg/1.5ml solution for injection pre-filled pens (Novo Nordisk Ltd),Information as per product licence,21 Days,8°C to 25 °C,Yes,Yes,,
Somatropin,Somatropin,Saizen 6mg/1.03ml solution for injection cartridges (Merck Serono Ltd),Information as per product licence,7 Days,8°C to 25 °C,Yes,,,
Somatropin,Somatropin,Saizen 12mg/1.5ml solution for injection cartridges (Merck Serono Ltd),Information as per product licence,7 Days,8°C to 25 °C,Yes,,,
Somatropin,Somatropin,Saizen 20mg/2.5ml solution for injection cartridges (Merck Serono Ltd),Information as per product licence,7 Days,8°C to 25 °C,Yes,,,
Somatropin,Somatropin,Norditropin NordiFlex 5mg/1.5ml solution for injection pre-filled pens (Novo Nordisk Ltd),Information as per product licence,21 Days,8°C to 25 °C,Yes,Yes,,
Somatropin,Somatropin,Norditropin NordiFlex 10mg/1.5ml solution for injection pre-filled pens (Novo Nordisk Ltd),Information as per product licence,21 Days,8°C to 25 °C,Yes,Yes,,
Somatropin,Somatropin,Norditropin FlexPro 15mg/1.5ml solution for injection pre-filled pens (Novo Nordisk Ltd),Information as per product licence,21 Days,8°C to 25 °C,Yes,Yes,,
Somatropin,Somatropin,Norditropin FlexPro 5mg/1.5ml solution for injection pre-filled pens (Novo Nordisk Ltd),Information as per product licence,21 Days,8°C to 25 °C,Yes,Yes,,
Somatropin,Somatropin,Norditropin FlexPro 10mg/1.5ml solution for injection pre-filled pens (Novo Nordisk Ltd),Information as per product licence,21 Days,8°C to 25 °C,Yes,Yes,,
Tafluprost,Tafluprost,Saflutan 15micrograms/ml eye drops 0.3ml unit dose (Santen UK Ltd),Information as per product licence,28 Days,8°C to 25 °C,No,Yes,,
Tafluprost,Tafluprost,Saflutan 15micrograms/ml eye drops (Santen UK Ltd),Information as per product licence,84 Days,8°C to 25 °C,No,Yes,,
Tafluprost + Timolol,Tafluprost + Timolol,Taptiqom 15micrograms/ml / 5mg/ml eye drops 0.3ml unit dose (Santen UK Ltd),Information as per product licence,28 Days,8°C to 25 °C,Yes,Yes,,
Talimogene laherparepvec,Talimogene laherparepvec,Imlygic 100million plaque forming units/1ml solution for injection vials (Amgen Ltd),Information as per product licence,24 hours,8°C to 25 °C,No,Yes,Yes,Protect from light.
Talimogene laherparepvec,Talimogene laherparepvec,Imlygic 1million plaque forming units/1ml solution for injection vials (Amgen Ltd),Information as per product licence,12 hours,8°C to 25 °C,No,Yes,Yes,Protect from light.
Tasonermin,Tasonermin,Beromun 1mg powder for solution for infusion vials (Belpharma S.A),Information as per product licence,24 hours,8°C to 20 °C,Yes,,,
Tebentafusp,Tebentafusp,Kimmtrak 100micrograms/0.5ml concentrate for solution for infusion vials (Immunocore Ltd),Information outside product licence,24 hours,8°C to 25 °C,Yes,,,
Temsirolimus,Temsirolimus,Torisel 30mg/1.2ml concentrate for solution for infusion vials and diluent (Pfizer Ltd),Information outside product licence,21 Days,8°C to 25 °C,Yes,,Yes,"If the excursion temperature exceeds 25°C but remains below 40°C, the maximum time for excursion is reduced to 5 days."
Teriparatide,Teriparatide,Sondelbay 20micrograms/80microlitres solution for injection 2.4ml pre-filled pens (Accord Healthcare Ltd),Information as per product licence,72 hours,8°C to 25 °C,Yes,,,
Tetracaine,Tetracaine,Ametop 4% gel (Alliance Pharmaceuticals Ltd),Information as per product licence,28 Days,8°C to 25 °C,Yes,Yes,,
Tildrakizumab,Tildrakizumab,Ilumetri 100mg/1ml solution for injection pre-filled syringes (Almirall Ltd),Information as per product licence,30 Days,8°C to 25 °C,No,Yes,Yes,This applies to a single period of exposure for unopened pre-filled syringes.
Tirzepatide,Tirzepatide,Mounjaro 2.5mg/0.5ml solution for injection pre-filled pens (Eli Lilly and Company Ltd),Information as per product licence,30 Days,8°C to 30 °C,No,Yes,,
Tirzepatide,Tirzepatide,Mounjaro 5mg/0.5ml solution for injection pre-filled pens (Eli Lilly and Company Ltd),Information as per product licence,30 Days,8°C to 30 °C,No,Yes,,
Tobramycin,Tobramycin,Tobi 300mg/5ml nebuliser solution 5ml ampoules (Viatris UK Healthcare Ltd),Information as per product licence,28 Days,8°C to 25 °C,No,Yes,,
Tobramycin,Tobramycin,Bramitob 300mg/4ml nebuliser solution 4ml ampoules (Chiesi Ltd),Information as per product licence,84 Days,8°C to 25 °C,Yes,Yes,,
Tobramycin,Tobramycin,Vantobra 170mg/1.7ml nebuliser solution 1.7ml ampoules (Pari Medical Ltd),Information as per product licence,28 Days,8°C to 25 °C,No,Yes,,
Tocilizumab,Tocilizumab,RoActemra 162mg/0.9ml solution for injection pre-filled syringes (Roche Products Ltd),Information as per product licence,14 Days,8°C to 30 °C,No,Yes,,
Tocilizumab,Tocilizumab,RoActemra 162mg/0.9ml solution for injection pre-filled pens (Roche Products Ltd),Information as per product licence,14 Days,8°C to 30 °C,No,Yes,,
Tralokinumab,Tralokinumab,Adtralza 150mg/1ml solution for injection pre-filled syringes (LEO Pharma),Information as per product licence,14 Days,8°C to 25 °C,No,Yes,,
Trametinib,Trametinib,Mekinist 2mg tablets (Novartis Pharmaceuticals UK Ltd),Information as per product licence,30 Days,8°C to 30 °C,No,Yes,,
Trametinib,Trametinib,Mekinist 0.5mg tablets (Novartis Pharmaceuticals UK Ltd),Information as per product licence,30 Days,8°C to 30 °C,No,Yes,,
Trastuzumab,Trastuzumab,Herceptin 600mg/5ml solution for injection vials (Roche Products Ltd),Information as per product licence,6 hours,8°C to 30 °C,No,Yes,,
Tuberculosis vaccine,Tuberculosis vaccine,BCG Vaccine AJV powder for suspension for injection 1ml vials (AJ Vaccines),Information outside product licence,12 hours,8°C to 25 °C,Yes,Yes,,
Ustekinumab,Ustekinumab,Stelara 45mg/0.5ml solution for injection pre-filled syringes (Janssen-Cilag Ltd),Information as per product licence,30 Days,8°C to 30 °C,No,Yes,,
Ustekinumab,Ustekinumab,Stelara 90mg/1ml solution for injection pre-filled syringes (Janssen-Cilag Ltd),Information as per product licence,30 Days,8°C to 30 °C,No,Yes,,
Varicella vaccine,Varicella vaccine,Varilrix vaccine powder and solvent for solution for injection 0.5ml vials (GlaxoSmithKline UK Ltd),Information outside product licence,72 hours,8°C to 25 °C,Yes,,,
Vedolizumab,Vedolizumab,Entyvio 108mg/0.68ml solution for injection pre-filled syringes (Takeda UK Ltd),Information as per product licence,7 Days,8°C to 25 °C,No,Yes,,
Vedolizumab,Vedolizumab,Entyvio 108mg/0.68ml solution for injection pre-filled pens (Takeda UK Ltd),Information as per product licence,7 Days,8°C to 25 °C,No,Yes,,
Vinorelbine,Vinorelbine,Navelbine 50mg/5ml concentrate for solution for infusion vials (Pierre Fabre Ltd),Information outside product licence,48 hours,8°C to 32 °C,Yes,,,
Vinorelbine,Vinorelbine,Navelbine 10mg/1ml concentrate for solution for infusion vials (Pierre Fabre Ltd),Information outside product licence,48 hours,8°C to 32 °C,Yes,,,
Vinorelbine,Vinorelbine,Navelbine 20mg capsules (Pierre Fabre Ltd),Information outside product licence,48 hours,8°C to 32 °C,Yes,,,
Vinorelbine,Vinorelbine,Navelbine 30mg capsules (Pierre Fabre Ltd),Information outside product licence,48 hours,8°C to 32 °C,Yes,,,
Vinorelbine,Vinorelbine,Navelbine 80mg capsules (Pierre Fabre Ltd),Information outside product licence,48 hours,8°C to 32 °C,Yes,,,
